seq_ID,label
ADAM_3022,1
ADAM_0544,1
ADAM_2735,1
ADAM_1561,1
ADAM_0396,1
ADAM_0420,1
ADAM_2113,1
ADAM_1778,1
ADAM_2171,1
ADAM_0233,1
ADAM_6616,1
ADAM_5996,1
ADAM_0373,1
ADAM_5247,1
ADAM_1732,1
ADAM_0981,1
ADAM_3581,1
ADAM_2502,1
ADAM_2719,1
ADAM_2621,1
ADAM_1448,1
ADAM_5832,1
ADAM_0362,1
ADAM_2868,1
ADAM_0758,1
ADAM_6996,1
ADAM_1214,1
ADAM_0417,1
ADAM_2553,1
ADAM_3190,1
ADAM_5639,1
ADAM_5067,1
ADAM_1597,1
ADAM_3240,1
ADAM_6556,1
ADAM_6600,1
ADAM_4776,1
ADAM_2861,1
ADAM_3472,1
ADAM_6983,1
ADAM_2654,1
ADAM_7003,1
ADAM_4881,1
ADAM_3227,1
ADAM_3351,1
ADAM_1992,1
ADAM_6047,1
ADAM_6173,1
ADAM_0938,1
ADAM_1794,1
ADAM_1652,1
ADAM_2301,1
ADAM_1847,1
ADAM_0412,1
ADAM_6405,1
ADAM_2683,1
ADAM_2977,1
ADAM_5714,1
ADAM_6504,1
ADAM_5498,1
ADAM_6656,1
ADAM_5526,1
ADAM_6406,1
ADAM_5209,1
ADAM_3978,1
ADAM_5595,1
ADAM_5600,1
ADAM_4858,1
ADAM_5643,1
ADAM_6589,1
ADAM_5683,1
ADAM_1394,1
ADAM_2908,1
ADAM_3816,1
ADAM_6677,1
ADAM_2530,1
ADAM_1014,1
ADAM_1262,1
ADAM_0078,1
ADAM_6736,1
ADAM_1468,1
ADAM_2165,1
ADAM_6895,1
ADAM_1145,1
ADAM_6963,1
ADAM_1273,1
ADAM_5615,1
ADAM_5265,1
ADAM_6894,1
ADAM_5075,1
ADAM_4870,1
ADAM_1805,1
ADAM_0090,1
ADAM_0757,1
ADAM_5919,1
ADAM_5990,1
ADAM_3119,1
ADAM_6130,1
ADAM_2435,1
ADAM_3615,1
ADAM_0613,1
ADAM_6598,1
ADAM_6960,1
ADAM_1045,1
ADAM_1317,1
ADAM_6505,1
ADAM_5217,1
ADAM_6568,1
ADAM_1989,1
ADAM_6761,1
ADAM_3408,1
ADAM_0201,1
ADAM_6945,1
ADAM_6848,1
ADAM_0287,1
ADAM_5617,1
ADAM_2040,1
ADAM_0721,1
ADAM_1990,1
ADAM_6897,1
ADAM_3046,1
ADAM_5288,1
ADAM_2563,1
ADAM_1199,1
ADAM_5221,1
ADAM_3230,1
ADAM_0817,1
ADAM_2059,1
ADAM_2495,1
ADAM_1004,1
ADAM_4893,1
ADAM_6185,1
ADAM_6708,1
ADAM_3578,1
ADAM_2608,1
ADAM_0869,1
ADAM_5440,1
ADAM_1127,1
ADAM_3969,1
ADAM_6463,1
ADAM_2770,1
ADAM_1178,1
ADAM_1834,1
ADAM_0678,1
ADAM_6955,1
ADAM_5573,1
ADAM_5258,1
ADAM_1553,1
ADAM_1570,1
ADAM_1575,1
ADAM_3619,1
ADAM_1395,1
ADAM_6829,1
ADAM_1327,1
ADAM_0736,1
ADAM_1139,1
ADAM_0271,1
ADAM_6676,1
ADAM_3889,1
ADAM_1113,1
ADAM_5206,1
ADAM_6553,1
ADAM_0383,1
ADAM_4372,1
ADAM_5538,1
ADAM_6886,1
ADAM_6150,1
ADAM_0277,1
ADAM_2781,1
ADAM_0491,1
ADAM_6547,1
ADAM_2152,1
ADAM_5599,1
ADAM_2933,1
ADAM_6868,1
ADAM_1606,1
ADAM_1972,1
ADAM_6540,1
ADAM_1428,1
ADAM_1591,1
ADAM_1296,1
ADAM_3520,1
ADAM_5870,1
ADAM_6926,1
ADAM_1179,1
ADAM_2663,1
ADAM_5320,1
ADAM_6642,1
ADAM_3913,1
ADAM_6948,1
ADAM_3920,1
ADAM_3603,1
ADAM_2180,1
ADAM_6878,1
ADAM_2304,1
ADAM_5444,1
ADAM_1379,1
ADAM_0935,1
ADAM_6681,1
ADAM_0418,1
ADAM_5229,1
ADAM_1220,1
ADAM_3024,1
ADAM_3422,1
ADAM_6238,1
ADAM_1032,1
ADAM_2468,1
ADAM_5726,1
ADAM_3137,1
ADAM_0025,1
ADAM_6136,1
ADAM_2510,1
ADAM_0627,1
ADAM_2711,1
ADAM_6545,1
ADAM_1188,1
ADAM_6515,1
ADAM_6842,1
ADAM_0242,1
ADAM_5628,1
ADAM_0574,1
ADAM_5718,1
ADAM_3088,1
ADAM_4773,1
ADAM_2653,1
ADAM_6823,1
ADAM_3134,1
ADAM_5649,1
ADAM_6532,1
ADAM_3399,1
ADAM_5241,1
ADAM_3573,1
ADAM_0559,1
ADAM_0910,1
ADAM_5499,1
ADAM_6969,1
ADAM_2558,1
ADAM_1444,1
ADAM_2946,1
ADAM_1728,1
ADAM_2241,1
ADAM_5429,1
ADAM_5038,1
ADAM_1093,1
ADAM_3557,1
ADAM_2514,1
ADAM_1300,1
ADAM_1390,1
ADAM_2135,1
ADAM_0494,1
ADAM_2901,1
ADAM_3260,1
ADAM_1241,1
ADAM_6720,1
ADAM_1611,1
ADAM_4848,1
ADAM_4967,1
ADAM_2172,1
ADAM_1210,1
ADAM_3116,1
ADAM_6386,1
ADAM_0936,1
ADAM_6550,1
ADAM_3689,1
ADAM_6139,1
ADAM_1223,1
ADAM_3167,1
ADAM_1488,1
ADAM_0321,1
ADAM_3590,1
ADAM_5703,1
ADAM_5619,1
ADAM_1715,1
ADAM_1007,1
ADAM_1177,1
ADAM_3089,1
ADAM_0934,1
ADAM_0810,1
ADAM_0961,1
ADAM_3699,1
ADAM_5146,1
ADAM_0113,1
ADAM_1171,1
ADAM_6906,1
ADAM_6821,1
ADAM_1784,1
ADAM_1653,1
ADAM_2260,1
ADAM_2590,1
ADAM_5764,1
ADAM_0884,1
ADAM_3388,1
ADAM_6893,1
ADAM_2380,1
ADAM_6845,1
ADAM_0392,1
ADAM_0007,1
ADAM_2322,1
ADAM_2017,1
ADAM_5276,1
ADAM_1568,1
ADAM_6554,1
ADAM_1565,1
ADAM_1043,1
ADAM_1476,1
ADAM_0371,1
ADAM_1071,1
ADAM_6169,1
ADAM_5967,1
ADAM_2899,1
ADAM_1987,1
ADAM_0968,1
ADAM_1166,1
ADAM_2075,1
ADAM_6301,1
ADAM_0698,1
ADAM_2077,1
ADAM_0832,1
ADAM_6665,1
ADAM_0619,1
ADAM_3176,1
ADAM_5037,1
ADAM_1058,1
ADAM_6674,1
ADAM_1197,1
ADAM_3332,1
ADAM_2775,1
ADAM_5285,1
ADAM_0977,1
ADAM_2769,1
ADAM_6565,1
ADAM_2620,1
ADAM_1024,1
ADAM_1928,1
ADAM_6780,1
ADAM_4943,1
ADAM_1049,1
ADAM_2123,1
ADAM_3159,1
ADAM_3302,1
ADAM_6947,1
ADAM_1711,1
ADAM_5140,1
ADAM_6544,1
ADAM_1026,1
ADAM_6127,1
ADAM_6865,1
ADAM_6643,1
ADAM_2704,1
ADAM_5175,1
ADAM_2426,1
ADAM_0414,1
ADAM_1227,1
ADAM_2253,1
ADAM_2780,1
ADAM_5108,1
ADAM_6566,1
ADAM_3062,1
ADAM_0744,1
ADAM_1009,1
ADAM_6231,1
ADAM_1470,1
ADAM_2619,1
ADAM_2963,1
ADAM_0978,1
ADAM_1563,1
ADAM_3173,1
ADAM_3867,1
ADAM_0535,1
ADAM_6578,1
ADAM_3504,1
ADAM_2817,1
ADAM_0318,1
ADAM_1198,1
ADAM_0902,1
ADAM_1957,1
ADAM_1993,1
ADAM_6450,1
ADAM_6833,1
ADAM_3598,1
ADAM_1504,1
ADAM_5708,1
ADAM_6889,1
ADAM_1684,1
ADAM_5691,1
ADAM_3489,1
ADAM_2588,1
ADAM_5289,1
ADAM_5086,1
ADAM_6715,1
ADAM_2771,1
ADAM_6986,1
ADAM_2279,1
ADAM_6712,1
ADAM_2928,1
ADAM_2943,1
ADAM_7007,1
ADAM_6189,1
ADAM_4417,1
ADAM_2085,1
ADAM_2720,1
ADAM_1736,1
ADAM_0898,1
ADAM_0792,1
ADAM_6965,1
ADAM_1723,1
ADAM_6063,1
ADAM_5126,1
ADAM_1275,1
ADAM_6901,1
ADAM_2182,1
ADAM_6602,1
ADAM_5688,1
ADAM_3609,1
ADAM_5593,1
ADAM_3800,1
ADAM_5111,1
ADAM_3426,1
ADAM_3698,1
ADAM_5729,1
ADAM_2587,1
ADAM_2548,1
ADAM_1726,1
ADAM_2670,1
ADAM_5768,1
ADAM_0440,1
ADAM_2736,1
ADAM_0584,1
ADAM_6603,1
ADAM_5094,1
ADAM_2504,1
ADAM_6872,1
ADAM_2036,1
ADAM_6398,1
ADAM_3646,1
ADAM_5514,1
ADAM_1168,1
ADAM_2932,1
ADAM_2483,1
ADAM_2472,1
ADAM_3560,1
ADAM_3402,1
ADAM_6275,1
ADAM_1585,1
ADAM_5873,1
ADAM_3870,1
ADAM_0387,1
ADAM_0046,1
ADAM_6964,1
ADAM_6340,1
ADAM_3498,1
ADAM_4916,1
ADAM_0971,1
ADAM_1183,1
ADAM_3672,1
ADAM_3136,1
ADAM_6909,1
ADAM_6171,1
ADAM_5751,1
ADAM_2149,1
ADAM_6180,1
ADAM_3111,1
ADAM_4964,1
ADAM_6062,1
ADAM_2372,1
ADAM_5953,1
ADAM_3387,1
ADAM_0634,1
ADAM_2138,1
ADAM_2234,1
ADAM_1278,1
ADAM_0027,1
ADAM_1131,1
ADAM_1344,1
ADAM_1659,1
ADAM_1946,1
ADAM_1976,1
ADAM_4011,1
ADAM_1815,1
ADAM_3093,1
ADAM_6981,1
ADAM_5950,1
ADAM_6939,1
ADAM_0992,1
ADAM_0582,1
ADAM_0048,1
ADAM_1998,1
ADAM_2312,1
ADAM_6874,1
ADAM_6705,1
ADAM_2160,1
ADAM_5879,1
ADAM_2073,1
ADAM_2826,1
ADAM_1216,1
ADAM_3511,1
ADAM_0606,1
ADAM_3594,1
ADAM_1280,1
ADAM_3080,1
ADAM_0727,1
ADAM_6530,1
ADAM_6620,1
ADAM_6994,1
ADAM_5613,1
ADAM_5616,1
ADAM_3850,1
ADAM_4192,1
ADAM_1322,1
ADAM_1637,1
ADAM_6787,1
ADAM_1861,1
ADAM_1689,1
ADAM_6564,1
ADAM_6885,1
ADAM_6230,1
ADAM_6067,1
ADAM_0172,1
ADAM_3118,1
ADAM_5015,1
ADAM_5076,1
ADAM_2869,1
ADAM_6181,1
ADAM_3541,1
ADAM_6751,1
ADAM_1068,1
ADAM_2119,1
ADAM_0930,1
ADAM_2834,1
ADAM_6819,1
ADAM_6860,1
ADAM_3502,1
ADAM_3465,1
ADAM_1114,1
ADAM_1971,1
ADAM_3243,1
ADAM_5858,1
ADAM_2844,1
ADAM_6961,1
ADAM_0540,1
ADAM_1916,1
ADAM_0074,1
ADAM_3537,1
ADAM_6018,1
ADAM_1544,1
ADAM_1515,1
ADAM_5439,1
ADAM_6716,1
ADAM_6460,1
ADAM_5248,1
ADAM_5607,1
ADAM_3112,1
ADAM_1162,1
ADAM_6200,1
ADAM_5029,1
ADAM_3799,1
ADAM_6094,1
ADAM_6870,1
ADAM_3911,1
ADAM_2931,1
ADAM_0834,1
ADAM_0454,1
ADAM_6866,1
ADAM_2174,1
ADAM_6990,1
ADAM_5383,1
ADAM_1904,1
ADAM_2550,1
ADAM_0101,1
ADAM_1065,1
ADAM_2302,1
ADAM_2115,1
ADAM_5223,1
ADAM_1031,1
ADAM_2256,1
ADAM_6165,1
ADAM_6755,1
ADAM_6170,1
ADAM_3981,1
ADAM_1716,1
ADAM_0626,1
ADAM_6828,1
ADAM_2054,1
ADAM_0601,1
ADAM_2084,1
ADAM_3972,1
ADAM_1691,1
ADAM_6852,1
ADAM_0105,1
ADAM_3971,1
ADAM_2926,1
ADAM_6922,1
ADAM_1465,1
ADAM_1047,1
ADAM_2941,1
ADAM_3234,1
ADAM_6838,1
ADAM_1087,1
ADAM_6234,1
ADAM_6847,1
ADAM_2134,1
ADAM_2753,1
ADAM_6299,1
ADAM_1776,1
ADAM_5410,1
ADAM_2141,1
ADAM_2026,1
ADAM_4961,1
ADAM_3516,1
ADAM_1342,1
ADAM_0053,1
ADAM_3172,1
ADAM_6100,1
ADAM_3475,1
ADAM_5700,1
ADAM_6225,1
ADAM_1282,1
ADAM_6778,1
ADAM_0430,1
ADAM_6601,1
ADAM_6560,1
ADAM_6696,1
ADAM_0077,1
ADAM_2981,1
ADAM_5489,1
ADAM_2340,1
ADAM_0711,1
ADAM_1963,1
ADAM_5761,1
ADAM_6394,1
ADAM_0165,1
ADAM_0730,1
ADAM_5992,1
ADAM_6569,1
ADAM_2125,1
ADAM_4416,1
ADAM_5798,1
ADAM_6628,1
ADAM_4887,1
ADAM_0269,1
ADAM_6520,1
ADAM_5497,1
ADAM_1432,1
ADAM_5184,1
ADAM_0108,1
ADAM_2669,1
ADAM_0179,1
ADAM_1997,1
ADAM_6612,1
ADAM_5282,1
ADAM_1695,1
ADAM_6721,1
ADAM_0109,1
ADAM_0751,1
ADAM_0915,1
ADAM_6236,1
ADAM_5284,1
ADAM_0973,1
ADAM_5781,1
ADAM_2076,1
ADAM_0344,1
ADAM_5579,1
ADAM_6621,1
ADAM_6249,1
ADAM_1097,1
ADAM_3454,1
ADAM_1634,1
ADAM_2724,1
ADAM_0700,1
ADAM_2625,1
ADAM_5958,1
ADAM_5160,1
ADAM_2034,1
ADAM_6572,1
ADAM_1122,1
ADAM_6788,1
ADAM_5224,1
ADAM_1697,1
ADAM_5745,1
ADAM_5694,1
ADAM_3161,1
ADAM_2021,1
ADAM_2843,1
ADAM_6223,1
ADAM_3322,1
ADAM_2656,1
ADAM_7006,1
ADAM_2733,1
ADAM_2490,1
ADAM_1276,1
ADAM_1516,1
ADAM_1724,1
ADAM_2929,1
ADAM_1028,1
ADAM_2685,1
ADAM_2927,1
ADAM_0580,1
ADAM_7004,1
ADAM_2050,1
ADAM_1306,1
ADAM_2509,1
ADAM_1082,1
ADAM_0608,1
ADAM_3236,1
ADAM_3355,1
ADAM_7001,1
ADAM_0331,1
ADAM_5948,1
ADAM_1557,1
ADAM_3510,1
ADAM_0987,1
ADAM_0186,1
ADAM_1011,1
ADAM_0312,1
ADAM_0696,1
ADAM_1579,1
ADAM_2499,1
ADAM_0555,1
ADAM_3344,1
ADAM_1725,1
ADAM_2565,1
ADAM_1925,1
ADAM_4846,1
ADAM_6689,1
ADAM_2477,1
ADAM_6950,1
ADAM_5776,1
ADAM_6591,1
ADAM_1286,1
ADAM_2025,1
ADAM_5663,1
ADAM_5945,1
ADAM_6506,1
ADAM_2020,1
ADAM_2464,1
ADAM_4940,1
ADAM_2743,1
ADAM_0299,1
ADAM_0985,1
ADAM_2854,1
ADAM_0342,1
ADAM_1870,1
ADAM_5326,1
ADAM_2230,1
ADAM_1447,1
ADAM_3237,1
ADAM_6599,1
ADAM_1238,1
ADAM_5827,1
ADAM_1351,1
ADAM_3061,1
ADAM_3931,1
ADAM_2576,1
ADAM_4910,1
ADAM_1525,1
ADAM_0052,1
ADAM_2238,1
ADAM_5545,1
ADAM_6956,1
ADAM_6380,1
ADAM_5424,1
ADAM_2161,1
ADAM_1451,1
ADAM_0147,1
ADAM_3824,1
ADAM_6718,1
ADAM_0925,1
ADAM_2055,1
ADAM_5559,1
ADAM_0268,1
ADAM_2628,1
ADAM_0399,1
ADAM_1829,1
ADAM_3727,1
ADAM_2291,1
ADAM_1111,1
ADAM_5220,1
ADAM_4896,1
ADAM_2296,1
ADAM_2272,1
ADAM_0571,1
ADAM_5183,1
ADAM_6843,1
ADAM_1602,1
ADAM_5633,1
ADAM_0715,1
ADAM_1116,1
ADAM_6678,1
ADAM_0780,1
ADAM_2137,1
ADAM_5507,1
ADAM_2087,1
ADAM_1666,1
ADAM_3035,1
ADAM_0404,1
ADAM_3958,1
ADAM_5712,1
ADAM_2705,1
ADAM_5864,1
ADAM_1960,1
ADAM_0490,1
ADAM_2093,1
ADAM_6978,1
ADAM_3726,1
ADAM_5979,1
ADAM_4547,1
ADAM_2183,1
ADAM_6595,1
ADAM_3957,1
ADAM_5737,1
ADAM_5099,1
ADAM_2898,1
ADAM_1240,1
ADAM_6596,1
ADAM_0341,1
ADAM_3462,1
ADAM_6794,1
ADAM_0705,1
ADAM_5057,1
ADAM_1730,1
ADAM_6912,1
ADAM_2660,1
ADAM_2760,1
ADAM_1966,1
ADAM_6957,1
ADAM_0505,1
ADAM_6958,1
ADAM_0486,1
ADAM_1617,1
ADAM_1619,1
ADAM_6979,1
ADAM_3618,1
ADAM_1203,1
ADAM_1831,1
ADAM_6146,1
ADAM_6855,1
ADAM_1712,1
ADAM_1996,1
ADAM_1586,1
ADAM_6453,1
ADAM_6220,1
ADAM_5377,1
ADAM_3336,1
ADAM_6434,1
ADAM_2090,1
ADAM_3145,1
ADAM_0548,1
ADAM_6341,1
ADAM_5299,1
ADAM_1319,1
ADAM_6112,1
ADAM_6082,1
ADAM_1789,1
ADAM_5632,1
ADAM_0607,1
ADAM_4907,1
ADAM_6145,1
ADAM_5730,1
ADAM_5487,1
ADAM_6138,1
ADAM_1896,1
ADAM_1566,1
ADAM_0984,1
ADAM_6222,1
ADAM_1445,1
ADAM_0357,1
ADAM_6697,1
ADAM_3265,1
ADAM_1598,1
ADAM_5582,1
ADAM_0224,1
ADAM_5833,1
ADAM_0112,1
ADAM_1249,1
ADAM_2580,1
ADAM_0044,1
ADAM_5310,1
ADAM_5578,1
ADAM_6551,1
ADAM_6877,1
ADAM_6368,1
ADAM_0006,1
ADAM_2142,1
ADAM_1452,1
ADAM_3160,1
ADAM_0949,1
ADAM_0431,1
ADAM_1211,1
ADAM_0142,1
ADAM_2355,1
ADAM_2465,1
ADAM_0837,1
ADAM_5343,1
ADAM_2098,1
ADAM_4942,1
ADAM_5912,1
ADAM_0322,1
ADAM_0066,1
ADAM_1234,1
ADAM_2764,1
ADAM_3358,1
ADAM_5392,1
ADAM_3154,1
ADAM_2130,1
ADAM_6837,1
ADAM_6918,1
ADAM_3895,1
ADAM_6953,1
ADAM_3151,1
ADAM_0806,1
ADAM_3079,1
ADAM_3092,1
ADAM_0469,1
ADAM_1324,1
ADAM_0688,1
ADAM_5813,1
ADAM_2740,1
ADAM_2446,1
ADAM_3078,1
ADAM_3440,1
ADAM_3697,1
ADAM_5257,1
ADAM_0872,1
ADAM_5675,1
ADAM_1705,1
ADAM_6881,1
ADAM_5732,1
ADAM_7005,1
ADAM_0315,1
ADAM_1224,1
ADAM_6583,1
ADAM_0082,1
ADAM_6548,1
ADAM_5695,1
ADAM_1955,1
ADAM_1931,1
ADAM_1552,1
ADAM_6244,1
ADAM_0581,1
ADAM_1310,1
ADAM_1500,1
ADAM_2307,1
ADAM_6625,1
ADAM_5254,1
ADAM_1502,1
ADAM_2971,1
ADAM_4211,1
ADAM_1409,1
ADAM_7000,1
ADAM_6871,1
ADAM_5988,1
ADAM_0892,1
ADAM_2622,1
ADAM_6919,1
ADAM_4851,1
ADAM_4857,1
ADAM_5923,1
ADAM_5407,1
ADAM_1492,1
ADAM_1595,1
ADAM_3197,1
ADAM_3943,1
ADAM_0704,1
ADAM_2840,1
ADAM_1519,1
ADAM_6521,1
ADAM_6880,1
ADAM_3493,1
ADAM_1387,1
ADAM_0239,1
ADAM_1467,1
ADAM_5681,1
ADAM_0528,1
ADAM_5835,1
ADAM_0386,1
ADAM_0212,1
ADAM_6908,1
ADAM_5240,1
ADAM_2648,1
ADAM_1231,1
ADAM_3803,1
ADAM_0408,1
ADAM_4706,1
ADAM_3334,1
ADAM_2951,1
ADAM_0493,1
ADAM_2155,1
ADAM_1508,1
ADAM_0509,1
ADAM_1649,1
ADAM_0740,1
ADAM_0585,1
ADAM_5174,1
ADAM_3041,1
ADAM_1949,1
ADAM_6375,1
ADAM_1349,1
ADAM_3660,1
ADAM_5294,1
ADAM_5384,1
ADAM_5661,1
ADAM_0965,1
ADAM_5743,1
ADAM_5524,1
ADAM_5442,1
ADAM_0223,1
ADAM_2808,1
ADAM_2401,1
ADAM_3558,1
ADAM_6713,1
ADAM_3873,1
ADAM_2526,1
ADAM_3272,1
ADAM_0382,1
ADAM_3826,1
ADAM_1478,1
ADAM_6008,1
ADAM_5772,1
ADAM_1962,1
ADAM_6924,1
ADAM_3239,1
ADAM_1985,1
ADAM_1242,1
ADAM_3917,1
ADAM_0116,1
ADAM_2629,1
ADAM_1292,1
ADAM_1218,1
ADAM_6279,1
ADAM_0252,1
ADAM_5026,1
ADAM_3330,1
ADAM_6862,1
ADAM_5725,1
ADAM_3629,1
ADAM_3798,1
ADAM_1247,1
ADAM_4956,1
ADAM_1530,1
ADAM_3040,1
ADAM_5073,1
ADAM_5773,1
ADAM_2882,1
ADAM_2976,1
ADAM_2557,1
ADAM_6377,1
ADAM_6728,1
ADAM_6770,1
ADAM_1435,1
ADAM_5510,1
ADAM_1288,1
ADAM_3604,1
ADAM_6552,1
ADAM_1841,1
ADAM_3572,1
ADAM_0131,1
ADAM_6949,1
ADAM_6771,1
ADAM_6760,1
ADAM_3208,1
ADAM_0005,1
ADAM_0410,1
ADAM_3869,1
ADAM_6773,1
ADAM_6984,1
ADAM_2360,1
ADAM_4615,1
ADAM_5428,1
ADAM_1135,1
ADAM_2856,1
ADAM_6397,1
ADAM_0702,1
ADAM_6233,1
ADAM_5786,1
ADAM_1956,1
ADAM_2651,1
ADAM_6892,1
ADAM_3347,1
ADAM_6867,1
ADAM_0495,1
ADAM_4852,1
ADAM_3801,1
ADAM_3505,1
ADAM_2695,1
ADAM_1442,1
ADAM_5207,1
ADAM_2078,1
ADAM_6429,1
ADAM_2603,1
ADAM_2323,1
ADAM_2393,1
ADAM_2368,1
ADAM_5065,1
ADAM_6410,1
ADAM_5519,1
ADAM_4957,1
ADAM_3837,1
ADAM_5215,1
ADAM_6784,1
ADAM_6210,1
ADAM_6905,1
ADAM_1811,1
ADAM_2805,1
ADAM_1013,1
ADAM_4427,1
ADAM_1950,1
ADAM_0032,1
ADAM_3701,1
ADAM_3512,1
ADAM_1646,1
ADAM_2364,1
ADAM_6731,1
ADAM_6306,1
ADAM_3486,1
ADAM_2655,1
ADAM_5553,1
ADAM_1213,1
ADAM_5814,1
ADAM_1252,1
ADAM_4911,1
ADAM_0824,1
ADAM_0238,1
ADAM_6629,1
ADAM_6861,1
ADAM_3592,1
ADAM_5614,1
ADAM_6293,1
ADAM_5620,1
ADAM_6796,1
ADAM_6876,1
ADAM_6543,1
ADAM_0405,1
ADAM_6711,1
ADAM_6580,1
ADAM_6724,1
ADAM_6987,1
ADAM_1134,1
ADAM_5382,1
ADAM_5852,1
ADAM_2751,1
ADAM_5696,1
ADAM_2610,1
ADAM_3123,1
ADAM_1543,1
ADAM_2091,1
ADAM_3885,1
ADAM_2330,1
ADAM_0543,1
ADAM_3166,1
ADAM_5271,1
ADAM_2438,1
ADAM_0811,1
ADAM_2095,1
ADAM_2057,1
ADAM_3238,1
ADAM_1639,1
ADAM_5408,1
ADAM_1263,1
ADAM_3165,1
ADAM_1720,1
ADAM_6797,1
ADAM_2191,1
ADAM_2257,1
ADAM_0521,1
ADAM_1706,1
ADAM_1175,1
ADAM_2617,1
ADAM_1702,1
ADAM_0980,1
ADAM_0545,1
ADAM_3217,1
ADAM_6098,1
ADAM_0621,1
ADAM_0957,1
ADAM_6408,1
ADAM_2071,1
ADAM_0076,1
ADAM_5735,1
ADAM_5548,1
ADAM_3285,1
ADAM_1742,1
ADAM_2744,1
ADAM_0959,1
ADAM_6851,1
ADAM_6914,1
ADAM_2074,1
ADAM_1331,1
ADAM_0470,1
ADAM_6061,1
ADAM_1039,1
ADAM_3282,1
ADAM_5568,1
ADAM_6692,1
ADAM_2343,1
ADAM_0604,1
ADAM_3844,1
ADAM_6537,1
ADAM_1556,1
ADAM_1381,1
ADAM_6081,1
ADAM_0691,1
ADAM_1182,1
ADAM_5804,1
ADAM_3244,1
ADAM_6844,1
ADAM_6000,1
ADAM_1154,1
ADAM_2855,1
ADAM_6937,1
ADAM_5124,1
ADAM_1121,1
ADAM_0118,1
ADAM_6426,1
ADAM_2934,1
ADAM_3138,1
ADAM_5503,1
ADAM_6144,1
ADAM_1741,1
ADAM_1205,1
ADAM_2107,1
ADAM_2100,1
ADAM_2357,1
ADAM_0137,1
ADAM_5244,1
ADAM_6726,1
ADAM_6925,1
ADAM_1701,1
ADAM_0200,1
ADAM_1887,1
ADAM_2032,1
ADAM_6818,1
ADAM_3164,1
ADAM_3127,1
ADAM_2612,1
ADAM_5381,1
ADAM_0406,1
ADAM_6413,1
ADAM_0346,1
ADAM_3216,1
ADAM_2217,1
ADAM_4563,1
ADAM_1501,1
ADAM_1458,1
ADAM_3396,1
ADAM_2810,1
ADAM_5562,1
ADAM_6014,1
ADAM_6110,1
ADAM_0708,1
ADAM_6975,1
ADAM_0144,1
ADAM_3954,1
ADAM_4929,1
ADAM_6864,1
ADAM_1482,1
ADAM_0615,1
ADAM_5677,1
ADAM_6813,1
ADAM_5848,1
ADAM_5636,1
ADAM_2358,1
ADAM_1524,1
ADAM_1173,1
ADAM_1537,1
ADAM_2936,1
ADAM_2015,1
ADAM_5218,1
ADAM_3626,1
ADAM_6756,1
ADAM_2013,1
ADAM_6167,1
ADAM_2865,1
ADAM_0445,1
ADAM_1339,1
ADAM_6998,1
ADAM_1256,1
ADAM_6516,1
ADAM_6017,1
ADAM_1719,1
ADAM_2689,1
ADAM_3049,1
ADAM_6581,1
ADAM_4020,1
ADAM_2595,1
ADAM_6392,1
ADAM_6988,1
ADAM_3571,1
ADAM_6931,1
ADAM_1584,1
ADAM_5795,1
ADAM_0237,1
ADAM_0353,1
ADAM_5844,1
ADAM_1920,1
ADAM_2211,1
ADAM_1693,1
ADAM_0877,1
ADAM_0975,1
ADAM_0368,1
ADAM_1670,1
ADAM_1313,1
ADAM_2264,1
ADAM_6702,1
ADAM_5287,1
ADAM_6168,1
ADAM_1012,1
ADAM_1243,1
ADAM_6022,1
ADAM_2640,1
ADAM_2541,1
ADAM_0217,1
ADAM_1549,1
ADAM_2639,1
ADAM_3170,1
ADAM_5137,1
ADAM_1128,1
ADAM_4845,1
ADAM_4847,1
ADAM_1593,1
ADAM_2534,1
ADAM_0921,1
ADAM_1386,1
ADAM_1938,1
ADAM_4891,1
ADAM_3980,1
ADAM_1624,1
ADAM_5255,1
ADAM_6902,1
ADAM_0848,1
ADAM_3242,1
ADAM_3223,1
ADAM_6954,1
ADAM_2270,1
ADAM_0439,1
ADAM_2361,1
ADAM_5325,1
ADAM_6006,1
ADAM_6920,1
ADAM_6774,1
ADAM_5774,1
ADAM_6350,1
ADAM_3229,1
ADAM_1768,1
ADAM_5666,1
ADAM_1314,1
ADAM_5249,1
ADAM_5530,1
ADAM_6379,1
ADAM_3881,1
ADAM_6531,1
ADAM_2062,1
ADAM_6523,1
ADAM_6727,1
ADAM_2001,1
ADAM_0159,1
ADAM_6274,1
ADAM_6704,1
ADAM_6262,1
ADAM_4859,1
ADAM_1311,1
ADAM_1562,1
ADAM_6533,1
ADAM_6019,1
ADAM_6882,1
ADAM_1699,1
ADAM_0020,1
ADAM_5239,1
ADAM_2813,1
ADAM_0946,1
ADAM_2486,1
ADAM_3039,1
ADAM_2061,1
ADAM_1534,1
ADAM_5685,1
ADAM_0019,1
ADAM_4924,1
ADAM_1434,1
ADAM_4865,1
ADAM_6097,1
ADAM_1289,1
ADAM_3415,1
ADAM_3294,1
ADAM_6750,1
ADAM_6634,1
ADAM_1115,1
ADAM_2319,1
ADAM_4922,1
ADAM_1471,1
ADAM_3279,1
ADAM_4191,1
ADAM_1265,1
ADAM_1890,1
ADAM_1999,1
ADAM_1374,1
ADAM_0029,1
ADAM_2779,1
ADAM_6535,1
ADAM_0586,1
ADAM_5208,1
ADAM_6594,1
ADAM_2888,1
ADAM_0467,1
ADAM_5580,1
ADAM_1029,1
ADAM_6615,1
ADAM_6747,1
ADAM_6873,1
ADAM_6940,1
ADAM_2975,1
ADAM_3812,1
ADAM_6584,1
ADAM_4587,1
ADAM_0661,1
ADAM_3585,1
ADAM_2632,1
ADAM_1389,1
ADAM_0891,1
ADAM_2569,1
ADAM_6903,1
ADAM_6358,1
ADAM_1176,1
ADAM_3300,1
ADAM_5003,1
ADAM_6135,1
ADAM_0069,1
ADAM_3687,1
ADAM_0726,1
ADAM_6849,1
ADAM_4926,1
ADAM_3203,1
ADAM_3977,1
ADAM_2385,1
ADAM_2246,1
ADAM_2935,1
ADAM_2008,1
ADAM_2916,1
ADAM_2479,1
ADAM_2099,1
ADAM_6562,1
ADAM_0527,1
ADAM_1812,1
ADAM_6858,1
ADAM_4769,1
ADAM_4963,1
ADAM_1332,1
ADAM_6863,1
ADAM_2501,1
ADAM_3175,1
ADAM_6623,1
ADAM_2381,1
ADAM_5549,1
ADAM_2623,1
ADAM_5815,1
ADAM_0049,1
ADAM_1580,1
ADAM_0462,1
ADAM_2096,1
ADAM_2284,1
ADAM_4871,1
ADAM_6898,1
ADAM_5077,1
ADAM_3287,1
ADAM_2225,1
ADAM_6546,1
ADAM_2144,1
ADAM_1698,1
ADAM_2851,1
ADAM_5213,1
ADAM_5157,1
ADAM_6571,1
ADAM_0720,1
ADAM_5724,1
ADAM_6766,1
ADAM_2527,1
ADAM_0243,1
ADAM_6995,1
ADAM_3967,1
ADAM_2958,1
ADAM_1373,1
ADAM_1603,1
ADAM_0735,1
ADAM_5678,1
ADAM_2597,1
ADAM_6638,1
ADAM_2776,1
ADAM_3194,1
ADAM_0158,1
ADAM_0075,1
ADAM_1092,1
ADAM_1190,1
ADAM_6558,1
ADAM_2968,1
ADAM_5450,1
ADAM_1522,1
ADAM_1827,1
ADAM_1431,1
ADAM_2520,1
ADAM_1713,1
ADAM_3214,1
ADAM_2404,1
ADAM_3492,1
ADAM_6567,1
ADAM_6096,1
ADAM_2331,1
ADAM_6856,1
ADAM_6966,1
ADAM_3186,1
ADAM_0859,1
ADAM_1129,1
ADAM_2375,1
ADAM_6462,1
ADAM_3199,1
ADAM_0284,1
ADAM_4951,1
ADAM_0175,1
ADAM_1823,1
ADAM_1215,1
ADAM_5757,1
ADAM_0805,1
ADAM_0983,1
ADAM_3674,1
ADAM_0474,1
ADAM_3601,1
ADAM_6817,1
ADAM_0564,1
ADAM_3297,1
ADAM_2505,1
ADAM_1388,1
ADAM_2638,1
ADAM_5486,1
ADAM_0697,1
ADAM_6820,1
ADAM_0289,1
ADAM_3477,1
ADAM_1707,1
ADAM_5056,1
ADAM_0178,1
ADAM_5841,1
ADAM_4966,1
ADAM_1922,1
ADAM_5789,1
ADAM_6640,1
ADAM_5315,1
ADAM_3623,1
ADAM_1001,1
ADAM_6840,1
ADAM_2441,1
ADAM_4925,1
ADAM_3052,1
ADAM_6132,1
ADAM_0623,1
ADAM_0850,1
ADAM_1088,1
ADAM_3530,1
ADAM_6227,1
ADAM_0712,1
ADAM_2186,1
ADAM_6166,1
ADAM_2422,1
ADAM_3210,1
ADAM_2411,1
ADAM_4855,1
ADAM_6757,1
ADAM_1161,1
ADAM_6684,1
ADAM_2474,1
ADAM_6758,1
ADAM_1673,1
ADAM_6899,1
ADAM_1408,1
ADAM_2809,1
ADAM_0866,1
ADAM_1664,1
ADAM_3496,1
ADAM_1099,1
ADAM_4586,1
ADAM_1733,1
ADAM_2417,1
ADAM_3984,1
ADAM_1877,1
ADAM_3564,1
ADAM_2000,1
ADAM_0309,1
ADAM_6789,1
ADAM_0760,1
ADAM_6729,1
ADAM_6427,1
ADAM_3395,1
ADAM_3225,1
ADAM_0958,1
ADAM_6879,1
ADAM_3179,1
ADAM_5187,1
ADAM_3513,1
ADAM_1806,1
ADAM_6519,1
ADAM_3941,1
ADAM_0778,1
ADAM_5490,1
ADAM_2664,1
ADAM_2058,1
ADAM_2029,1
ADAM_2218,1
ADAM_5001,1
ADAM_3228,1
ADAM_0620,1
ADAM_6785,1
ADAM_3169,1
ADAM_3163,1
ADAM_2897,1
ADAM_6701,1
ADAM_3391,1
ADAM_5669,1
ADAM_2456,1
ADAM_1325,1
ADAM_1801,1
ADAM_3657,1
ADAM_6557,1
ADAM_1685,1
ADAM_4512,1
ADAM_3576,1
ADAM_1469,1
ADAM_1321,1
ADAM_2496,1
ADAM_0245,1
ADAM_1070,1
ADAM_3685,1
ADAM_1340,1
ADAM_1124,1
ADAM_1323,1
ADAM_6752,1
ADAM_6917,1
ADAM_1690,1
ADAM_5880,1
ADAM_6841,1
ADAM_6229,1
ADAM_6335,1
ADAM_2297,1
ADAM_3212,1
ADAM_5516,1
ADAM_5585,1
ADAM_5093,1
ADAM_3262,1
ADAM_3637,1
ADAM_3275,1
ADAM_4208,1
ADAM_3918,1
ADAM_6142,1
ADAM_1708,1
ADAM_2723,1
ADAM_3158,1
ADAM_3927,1
ADAM_6732,1
ADAM_3953,1
ADAM_0380,1
ADAM_2471,1
ADAM_0168,1
ADAM_1133,1
ADAM_0388,1
ADAM_2717,1
ADAM_6910,1
ADAM_1872,1
ADAM_0100,1
ADAM_0979,1
ADAM_2352,1
ADAM_3206,1
ADAM_6831,1
ADAM_5601,1
ADAM_2127,1
ADAM_3553,1
ADAM_3808,1
ADAM_5807,1
ADAM_3471,1
ADAM_0511,1
ADAM_0471,1
ADAM_3218,1
ADAM_1225,1
ADAM_2146,1
ADAM_2374,1
ADAM_5512,1
ADAM_6951,1
ADAM_5596,1
ADAM_3908,1
ADAM_1813,1
ADAM_2122,1
ADAM_2045,1
ADAM_2104,1
ADAM_0695,1
ADAM_5391,1
ADAM_6054,1
ADAM_5018,1
ADAM_1112,1
ADAM_2905,1
ADAM_1551,1
ADAM_1284,1
ADAM_6457,1
ADAM_0833,1
ADAM_6524,1
ADAM_6177,1
ADAM_5656,1
ADAM_3880,1
ADAM_5785,1
ADAM_0618,1
ADAM_0390,1
ADAM_2259,1
ADAM_4935,1
ADAM_5812,1
ADAM_2338,1
ADAM_1269,1
ADAM_4062,1
ADAM_2511,1
ADAM_2917,1
ADAM_2027,1
ADAM_3192,1
ADAM_6765,1
ADAM_2208,1
ADAM_2938,1
ADAM_6980,1
ADAM_0177,1
ADAM_6534,1
ADAM_0524,1
ADAM_2686,1
ADAM_5214,1
ADAM_3081,1
ADAM_3546,1
ADAM_6575,1
ADAM_5122,1
ADAM_5517,1
ADAM_7002,1
ADAM_6452,1
ADAM_0135,1
ADAM_3202,1
ADAM_1204,1
ADAM_5867,1
ADAM_0616,1
ADAM_0664,1
ADAM_2353,1
ADAM_2721,1
ADAM_5403,1
ADAM_5978,1
ADAM_1130,1
ADAM_6834,1
ADAM_5138,1
ADAM_1084,1
ADAM_3982,1
ADAM_0389,1
ADAM_0594,1
ADAM_0316,1
ADAM_0227,1
ADAM_1261,1
ADAM_0901,1
ADAM_5800,1
ADAM_2737,1
ADAM_2333,1
ADAM_5754,1
ADAM_6574,1
ADAM_0457,1
ADAM_6183,1
ADAM_1682,1
ADAM_3563,1
ADAM_2668,1
ADAM_6618,1
ADAM_3655,1
ADAM_1359,1
ADAM_6607,1
ADAM_2466,1
ADAM_1533,1
ADAM_2221,1
ADAM_3490,1
ADAM_6579,1
ADAM_3840,1
ADAM_6635,1
ADAM_3356,1
ADAM_4798,1
ADAM_6679,1
ADAM_5793,1
ADAM_6944,1
ADAM_3468,1
ADAM_6518,1
ADAM_6593,1
ADAM_6123,1
ADAM_0378,1
ADAM_2523,1
ADAM_4989,1
ADAM_2827,1
ADAM_2528,1
ADAM_0970,1
ADAM_0662,1
ADAM_6835,1
ADAM_6976,1
ADAM_2306,1
ADAM_5739,1
ADAM_1514,1
ADAM_1748,1
ADAM_6609,1
ADAM_5089,1
ADAM_6212,1
ADAM_1662,1
ADAM_2394,1
ADAM_6816,1
ADAM_5083,1
ADAM_3037,1
ADAM_3693,1
ADAM_2317,1
ADAM_0899,1
ADAM_1466,1
ADAM_1366,1
ADAM_5316,1
ADAM_0761,1
ADAM_4923,1
ADAM_5201,1
ADAM_0826,1
ADAM_4225,1
ADAM_0488,1
ADAM_5368,1
ADAM_3704,1
ADAM_0320,1
ADAM_0191,1
ADAM_6339,1
ADAM_5243,1
ADAM_2362,1
ADAM_1212,1
ADAM_2892,1
ADAM_0254,1
ADAM_2128,1
ADAM_1048,1
ADAM_0836,1
ADAM_0842,1
ADAM_6746,1
ADAM_6529,1
ADAM_6507,1
ADAM_5014,1
ADAM_1781,1
ADAM_0080,1
ADAM_1144,1
ADAM_1636,1
ADAM_2561,1
ADAM_6522,1
ADAM_1192,1
ADAM_5561,1
ADAM_1489,1
ADAM_6624,1
ADAM_6133,1
ADAM_5279,1
ADAM_2848,1
ADAM_1437,1
ADAM_2885,1
ADAM_6992,1
ADAM_3264,1
ADAM_2708,1
ADAM_1944,1
ADAM_6767,1
ADAM_1941,1
ADAM_6577,1
ADAM_3189,1
ADAM_1185,1
ADAM_1377,1
ADAM_2551,1
ADAM_1207,1
ADAM_2252,1
ADAM_6573,1
ADAM_2964,1
ADAM_2012,1
ADAM_1245,1
ADAM_0275,1
ADAM_4481,1
ADAM_6952,1
ADAM_6555,1
ADAM_1343,1
ADAM_4755,1
ADAM_6636,1
ADAM_1378,1
ADAM_5044,1
ADAM_0103,1
ADAM_2030,1
ADAM_3795,1
ADAM_2647,1
ADAM_2939,1
ADAM_0923,1
ADAM_3713,1
ADAM_0689,1
ADAM_2860,1
ADAM_1257,1
ADAM_4993,1
ADAM_6936,1
ADAM_5631,1
ADAM_1003,1
ADAM_6186,1
ADAM_1364,1
ADAM_1103,1
ADAM_3877,1
ADAM_2488,1
ADAM_5049,1
ADAM_0835,1
ADAM_6707,1
ADAM_3863,1
ADAM_0400,1
ADAM_6883,1
ADAM_6792,1
ADAM_4574,1
ADAM_6891,1
ADAM_3276,1
ADAM_5071,1
ADAM_3690,1
ADAM_6627,1
ADAM_4996,1
ADAM_3419,1
ADAM_1898,1
ADAM_2267,1
ADAM_2618,1
ADAM_2811,1
ADAM_0376,1
ADAM_5131,1
ADAM_5766,1
ADAM_2954,1
ADAM_1034,1
ADAM_6846,1
ADAM_5604,1
ADAM_2002,1
ADAM_3631,1
ADAM_6020,1
ADAM_4836,1
ADAM_2168,1
ADAM_3235,1
ADAM_0031,1
ADAM_6854,1
ADAM_4771,1
ADAM_0219,1
ADAM_6946,1
ADAM_1687,1
ADAM_6993,1
ADAM_6245,1
ADAM_3362,1
ADAM_4614,1
ADAM_1738,1
ADAM_1355,1
ADAM_4878,1
ADAM_0372,1
ADAM_2086,1
ADAM_6400,1
ADAM_2503,1
ADAM_3047,1
ADAM_2894,1
ADAM_3521,1
ADAM_1303,1
ADAM_1613,1
ADAM_2914,1
ADAM_6184,1
ADAM_4799,1
ADAM_4155,1
ADAM_5144,1
ADAM_3711,1
ADAM_3323,1
ADAM_6232,1
ADAM_2543,1
ADAM_6176,1
ADAM_5702,1
ADAM_2887,1
ADAM_2366,1
ADAM_5991,1
ADAM_1333,1
ADAM_3797,1
ADAM_2658,1
ADAM_1885,1
ADAM_5397,1
ADAM_6857,1
ADAM_6972,1
ADAM_1016,1
ADAM_5081,1
ADAM_3152,1
ADAM_6670,1
ADAM_1718,1
ADAM_0878,1
ADAM_5048,1
ADAM_3535,1
ADAM_0139,1
ADAM_6781,1
ADAM_1893,1
ADAM_2269,1
ADAM_1090,1
ADAM_1293,1
ADAM_6699,1
ADAM_2065,1
ADAM_6933,1
ADAM_6115,1
ADAM_0369,1
ADAM_1623,1
ADAM_2179,1
ADAM_1054,1
ADAM_6151,1
ADAM_2661,1
ADAM_6836,1
ADAM_6658,1
ADAM_2539,1
ADAM_6977,1
ADAM_3617,1
ADAM_5409,1
ADAM_6113,1
ADAM_2293,1
ADAM_4886,1
ADAM_2816,1
ADAM_5926,1
ADAM_2884,1
ADAM_1392,1
ADAM_6021,1
ADAM_3526,1
ADAM_1341,1
ADAM_3890,1
ADAM_6896,1
ADAM_1678,1
ADAM_3064,1
ADAM_2094,1
ADAM_5272,1
ADAM_3333,1
ADAM_3155,1
ADAM_3281,1
ADAM_2289,1
ADAM_3729,1
ADAM_6401,1
ADAM_0654,1
ADAM_5586,1
ADAM_2176,1
ADAM_5838,1
ADAM_1384,1
ADAM_6672,1
ADAM_5750,1
ADAM_5784,1
ADAM_3122,1
ADAM_1037,1
ADAM_0710,1
ADAM_1773,1
ADAM_1382,1
ADAM_4954,1
ADAM_6563,1
ADAM_1959,1
ADAM_5317,1
ADAM_6875,1
ADAM_3267,1
ADAM_2605,1
ADAM_5783,1
ADAM_5199,1
ADAM_5627,1
ADAM_0612,1
ADAM_1141,1
ADAM_2762,1
ADAM_1022,1
ADAM_0173,1
ADAM_6973,1
ADAM_2903,1
ADAM_2318,1
ADAM_1888,1
ADAM_5682,1
ADAM_1371,1
ADAM_6795,1
ADAM_2921,1
ADAM_3945,1
ADAM_0355,1
ADAM_0385,1
ADAM_1486,1
ADAM_1782,1
ADAM_5749,1
ADAM_4222,1
ADAM_2863,1
ADAM_2068,1
ADAM_0436,1
ADAM_2300,1
ADAM_0851,1
ADAM_3261,1
ADAM_3531,1
ADAM_6298,1
ADAM_5802,1
ADAM_6869,1
ADAM_6364,1
ADAM_6303,1
ADAM_4567,1
ADAM_1291,1
ADAM_0896,1
ADAM_2738,1
ADAM_5313,1
ADAM_0004,1
ADAM_5644,1
ADAM_2571,1
ADAM_3439,1
ADAM_2158,1
ADAM_2083,1
ADAM_0596,1
ADAM_5074,1
ADAM_2830,1
ADAM_3833,1
ADAM_3591,1
ADAM_1760,1
ADAM_4368,1
ADAM_5189,1
ADAM_6722,1
ADAM_1569,1
ADAM_3650,1
ADAM_1816,1
ADAM_5123,1
ADAM_6606,1
ADAM_1167,1
ADAM_1832,1
ADAM_3634,1
ADAM_2959,1
ADAM_6649,1
ADAM_5494,1
ADAM_0699,1
ADAM_1281,1
ADAM_1196,1
ADAM_6539,1
ADAM_1051,1
ADAM_2442,1
ADAM_6570,1
ADAM_6549,1
ADAM_4800,1
ADAM_5181,1
ADAM_1285,1
ADAM_2636,1
ADAM_2513,1
ADAM_3091,1
ADAM_2010,1
ADAM_6959,1
ADAM_6839,1
ADAM_2518,1
ADAM_3131,1
ADAM_5822,1
ADAM_0447,1
ADAM_6744,1
ADAM_5727,1
ADAM_6561,1
ADAM_1964,1
ADAM_4621,1
ADAM_3377,1
A0A1Y3YDW1,0
A0A348HDE8,0
A0A0A9MV79,0
A0A0V1KIT1,0
A0A0E9RZY2,0
A0A392QVF3,0
U4L4Y1,0
A0A1F7HX86,0
A0A0A9T2A4,0
A0A3W4NX68,0
A0A1R3K571,0
A0A1D9IJT6,0
L9ZNN2,0
A0A0F8VXF8,0
A0A1C4PBB1,0
Q8YWU7,0
A0A1S2Y591,0
A0A2V7JVS0,0
A0A1W9WYA1,0
M5ENW4,0
A0A496TE17,0
A0A0Q6EHG1,0
A0A2H4SRD7,0
A0A0H8SQB7,0
A0A2M9J772,0
A0A2G4I5D8,0
A0A2P2J0I1,0
A0A0A8YFM1,0
A0A133NPD0,0
E6MTE5,0
A7FS46,0
A0A254W1I0,0
A0A0A9Q473,0
P10521,0
A0A2P2PFI4,0
A0A0H3CWD2,0
A0A357L7M9,0
A0A0B0NSY1,0
P80744,0
A0A2P2Q4C9,0
A0A3B9ITV4,0
A0A0A9GBD8,0
A0A0E9VRK6,0
S2DFB4,0
A0A2H1Q8D5,0
A0A2V2KY20,0
A0A0A9AH80,0
A0A1C6JX99,0
C1DIE9,0
A0A498D218,0
A0A0A9F1Y2,0
A0A0A8ZGT4,0
A0A427LJ24,0
A0A1I0WU47,0
A0A1H7KK97,0
A0A139CYY9,0
A0A0F2J5F8,0
X1F0X6,0
A0A2S6QGM5,0
M6FMR0,0
A0A2P2MZC6,0
A0A161E286,0
A0A445CTZ2,0
A0A0A9LHL8,0
A0A0A9Q7D4,0
A0A2P2QGJ5,0
A0A0X8XYK3,0
A0A1I7WAZ3,0
A0A0A0MN62,0
A0A3S1S3T6,0
J5J973,0
A0A358M8C3,0
V6CJH1,0
U1ZLE8,0
A0A2X0VSH9,0
A0A2N3DN80,0
A0A0E9VZ97,0
A0A0G0X7W2,0
A0A0A8XXG2,0
A0A2G9YD94,0
A0A408DWD1,0
A0A381XU42,0
A0A0G4MRP7,0
A0A381NIL6,0
A0A0B0PFR4,0
Q6INR1,0
A0A0F6U0F9,0
A0A0E9W7B1,0
A6SV13,0
A0A0G0W7Y5,0
A0A0A9K580,0
A0A015XEB8,0
A0A0E9UWQ9,0
A0A1I8HU07,0
A0A315D783,0
A0A268J7T8,0
A0A0A9Q5U8,0
A0A392UV06,0
A0A464CBU7,0
D5VCW8,0
A0A0E9VC54,0
A0A0E9U744,0
A0A2E9T2E6,0
A0A0A9V989,0
M6UT18,0
A0A1J1HML6,0
A0A0E9SK17,0
T0JUC3,0
A7AGB0,0
A0A374P0G7,0
A0A0A9MAB3,0
X1A6A0,0
A0A0E9UNA6,0
A0A023BSQ3,0
U4LNE6,0
A0A3C0QEW7,0
A0A1G3PJD9,0
Z2EJ79,0
A0A0A9BZE9,0
X0GVU0,0
A0A0E9SDD1,0
A0A0M3HKB1,0
Q43887,0
A0A0A9BW23,0
K1Z267,0
L8JR62,0
A0A1Q5SEM8,0
A0A425WGI9,0
U2GTZ6,0
A0A2A8VFX9,0
A6C206,0
A5PE33,0
M6KF09,0
Q2EYY4,0
A0A0A9EEX1,0
D4DMP8,0
A0A2P2N0D5,0
A0A2P2NT56,0
A0A0A9KMT6,0
A0A1A8SF85,0
A0A2I0N2W9,0
J5KAN3,0
A0A0A9EU69,0
E9SXD0,0
S4P6Y2,0
A0A151A9K7,0
A0A0A9BWB6,0
A0A0A9FNJ7,0
A0A0A8Z3N5,0
A0A0F9CJU2,0
A0A031HMM8,0
A0A212IV53,0
A0A0F8X9B8,0
A0A0A9E637,0
A0A2W2AV60,0
Q4W2F2,0
A0A0M4SWR9,0
A0A1A8NFH5,0
A0A2S9GBN7,0
A0A174UUN0,0
E6K0T8,0
C0DYN2,0
A0A392SLX7,0
A0A1I7WGP9,0
A0A0V0XNR8,0
M6FMC4,0
A0A495SG08,0
C8VB92,0
A0A075FXQ6,0
A0A0E9VDF4,0
A0A2N5TFR7,0
A0A0A8YLY5,0
A0A0E9VFZ5,0
A0A127T266,0
A0A0M3RQ41,0
A0A366F576,0
A0A0F8Z9B5,0
A0A0E9PKN7,0
A0A1M5LEE2,0
A0A1Y2BYS5,0
W6JTI0,0
A0A142CY69,0
A0A0E9U4K2,0
A0A392T5Y5,0
A0A351T8E0,0
A0A1V6DGF5,0
A0A392STT8,0
X8CT09,0
P0C260,0
C2YZF2,0
A0A0E9TXA3,0
A0A326VAE7,0
A0A497LYH2,0
A0A0A9QT95,0
A0A0A9FDP4,0
A0A353ZN20,0
A0A0E9U8M2,0
A0A3D0E1S4,0
A0A1C4FLR6,0
A0A381Y274,0
A0A3S4S559,0
D6NX56,0
U1QU76,0
A0A2P2QWV5,0
A0A2T5G5Z6,0
Q7N720,0
A0A1C5D766,0
A0A0E9V384,0
A0A382N6M3,0
A0A382XBY8,0
A0A1A8GJE2,0
A0A0A8YL10,0
A3IIP3,0
A0A454CSW3,0
A0A2S6HCN0,0
A0A444J4W9,0
A0A353FC41,0
A0A1A8I663,0
A0A381GKZ3,0
R7EDQ3,0
A0A1N5V9L5,0
A0A2A2DLX1,0
A0A2N0BFJ9,0
A0A0E9T132,0
K1UFV9,0
A0A0A8Z526,0
A0A0Q0CP04,0
A0A0A9TE27,0
A0A3D2B8H2,0
A0A2M8HUU9,0
A0A1R3J1T6,0
V6BZ28,0
A0A0A9BY12,0
A7U653,0
A0A2I0BNH4,0
A0A2N9MRH1,0
A5HH81,0
A0A0A9BDG0,0
A0A3D8GVN2,0
A0A2N9JEY3,0
A0A382A4E2,0
A0A382XC19,0
A0A0M8KS01,0
A0A1A2JWT4,0
A0A0B0MH98,0
A0A404UQP7,0
A0A2P2PX66,0
A0A0A9EGC1,0
M0RTY0,0
A0A399Q3W8,0
A5M7G3,0
A0A2D8Y6P1,0
A0A0A9SB55,0
A0A0U2BBE0,0
A0A2A4VIQ6,0
A0A0F9UB25,0
E1SK60,0
A0A0A9BI48,0
G8ASI4,0
A0A415Y867,0
A0A0E9THC0,0
A0A0A9SJG6,0
D0CV22,0
A0A0P7GSL5,0
A0A3Q8RVT2,0
S7HFK1,0
A0A0A9Q9Y3,0
A0A2S9WN92,0
Q7M279,0
A0A0A9LFQ2,0
A0A1R3IX92,0
A0A3B8IWE3,0
A0A3M0X109,0
A0A0E9Q9X8,0
A0A0E0RF41,0
H0UI26,0
A0A391P1X2,0
F6ZRP0,0
D0W2Z7,0
X5JFX0,0
A0A1S6RGU3,0
A0A382UJ21,0
A0A2P2QFJ3,0
C1DLX5,0
A0A3D0XCR2,0
C7EA52,0
A0A0E9VWT5,0
A0A383EH23,0
A0A1R3H7J2,0
A0A0C2SE06,0
C7JE79,0
A0A0F9RCK9,0
A0A0A9CX84,0
A0A1Z5HWV4,0
A0A0R4RBX3,0
A0A151L2T1,0
A0A1L9VBW5,0
A0A0M0NIJ8,0
I6XGD5,0
M4JBX8,0
I2QBD3,0
A0A2U1SR23,0
A0A1C5U8K1,0
W2JLQ1,0
A0A2R8F3D7,0
A0A3D0SBI4,0
A0A0E9SF20,0
A0A349B9H1,0
A0A0A9L6U7,0
A0A0H3GKA7,0
A0A2P2NUT4,0
A0A3L8E0D3,0
B1GSC8,0
A0A0A9MI72,0
A0A182XRV3,0
A0A382B713,0
A0A3V8LEK4,0
M1UMI4,0
Q8MTK6,0
A0A2M6Z317,0
D5I2A2,0
A0A0A9MKI7,0
A0A382ILM6,0
A0A2U1UN62,0
A0A2P2PT07,0
R6EQI7,0
A0A2A5T5W3,0
A0A0A9CT77,0
A0A392VAS9,0
A0A1A8T226,0
A0A183G5U8,0
A0A136NZX8,0
A0A404LUP8,0
A0A063BBG3,0
A0A0E9V3L5,0
A0A484ZEJ0,0
F3GS14,0
A0A1A8KWA7,0
A0A0A8Z5A5,0
U7GNW8,0
A0A0A9SZ52,0
D9IR43,0
A0A2V9QGC9,0
A0A272ESA7,0
A0A285I3N8,0
A0A2N2HG75,0
A0A432TP84,0
A0A2P2Q037,0
T0GUA6,0
A0A2P2PXQ7,0
A0A1C3T1L0,0
A0A0A9G1M2,0
A0A0F9WHU5,0
A0A2P2QGB2,0
A0A077EJM8,0
U1PLQ9,0
A0A0A9MVE2,0
A0A3R6N4E0,0
A0A1B6NQW5,0
A0A182KHT1,0
A0A0A9QU06,0
W6MWY0,0
A0A3D2PK81,0
A0A482VYH2,0
A0A0A9FCT2,0
A0A0A9SYH7,0
A0A2U3LH76,0
Q4CRX6,0
A0A1R3KHE9,0
A0A110EDU8,0
A4WPE3,0
A0A2N9CZ82,0
A0A3T0PKE0,0
M1GU78,0
A0A1B0GR62,0
A0A1B8XX04,0
Q3IIW2,0
A0A407FNB8,0
A0A2G6RTA0,0
A0A0A8ZEQ1,0
A0A0B0P295,0
A0A3B0TU34,0
A0A0A9FFB7,0
V7BH04,0
K2GXF9,0
A0A2P2QGI0,0
E3KSB8,0
X0BD51,0
A0A426TX69,0
A0A1G3K6T2,0
F0X1I4,0
A0A1D6E702,0
W6TG96,0
I2C957,0
I3SKJ4,0
A0A3D5UB60,0
F9GCY4,0
G3DAN0,0
A0A2P5FM17,0
A0A2P2N9B8,0
J9A870,0
A0A0A9BF59,0
A0A1B0A923,0
A0A0N4YCS8,0
A0A0A9KFA6,0
A0A0A9B4M0,0
U4L3K6,0
A0A0A9VNS0,0
A0A102EWD4,0
A0A2P2PZ72,0
A0A1V4XDI1,0
A0A0A9ELA1,0
A0A170U901,0
A0A382C311,0
A0A2P6RTW4,0
A0A0E9XPS1,0
A0A2C9V5V1,0
A0A0A8ZH36,0
E2BRA1,0
A0A3G8XK85,0
A0A0E9VX19,0
A0A2J6MXC6,0
A0A392TXU4,0
A0A3D9NUZ0,0
A0A0A8YY04,0
S7JCG5,0
A0A2H4P610,0
A0A0K2SZX2,0
A0A375C5H0,0
A0A1A8YR91,0
A0A0A8YPS8,0
A0A0A8Z3A4,0
A0A0E9Q1T7,0
A0A0E9U338,0
M5S638,0
A0A0A9A5G3,0
A0A136GDB3,0
A0A074JZL6,0
E1BXS0,0
A0A369ADY7,0
D1LDI5,0
A0A1X7T4X4,0
A0A1S7SV73,0
A0A498T2H5,0
A0A3E0I8T4,0
A0A497FAD5,0
A0A496LR33,0
A0A1H0XI40,0
A0A3M6C602,0
A0A0A9EVY9,0
A2C2U2,0
A0A0A9FN44,0
A0A0A9HFQ2,0
A0A0K2V294,0
B6UD89,0
I9QVX4,0
A0A085P3N5,0
A0A2P2QZS3,0
A0A0A9LE46,0
Q48FY8,0
A0A1V2N5N2,0
T0LAS4,0
A0A1D3PLY2,0
B1G5M6,0
A0A098E8T5,0
L7RZC3,0
A0A0F7S077,0
B6CX64,0
W0ATM2,0
A0A3D1X337,0
K5Z8X1,0
A0A0U0UNT6,0
G0QAI5,0
A0A2N5DSZ6,0
A0A2S6E5Q4,0
W6AA15,0
G8I7W5,0
A0A0A9KVP7,0
X0TNG8,0
A0A0A9IPB9,0
A0A316J6A9,0
A0A0B8QMX1,0
W1XZE0,0
A0A0F7FWE6,0
A0A3S4FR90,0
A0A3S2VY38,0
A0A0E9VWP6,0
A0A1N7S9W4,0
A0A1A8HHL8,0
Q9ZYX6,0
T2IGE3,0
A0A2L1XVL3,0
C0EGU8,0
A0A0A9QPD7,0
A0A392VF41,0
A0A1X7MGX9,0
Z2E4X7,0
A0A2X1PNF4,0
A0A1H1P4W9,0
A0A0A9T3J1,0
A0A345DQ08,0
A0A0K2U0I5,0
U5LI16,0
A0A0C1H0A1,0
V6BJ84,0
A0A2P2IUK8,0
A0A1J8QIB6,0
A0A0R4IG58,0
A0A2P2QDL0,0
A0A2P2NWN4,0
A0A431JGP9,0
A0A395KVG8,0
A0A218QQ76,0
A0A211ZSC5,0
K1QK95,0
A0A335EJK9,0
A0A349PNB5,0
A0A337S1E7,0
C7XX13,0
A0A0A9BR23,0
A0A0A8Z3N1,0
A0A0L7K4F9,0
A0A0C3BMZ4,0
Q58KC7,0
A0A0A9SYN9,0
A0A2U4E4Y3,0
A0A024V8D5,0
A0A382IP95,0
E6MUY2,0
X1SVA3,0
A0A0A9B0S1,0
A0A3B0VFA3,0
A0A2S6UA61,0
A0A1I3TI52,0
M1R6K5,0
A0A443UHC9,0
A0A0E9VIL3,0
A0A2P2NFB1,0
A0A068BFU5,0
A0A0K9Q7Z9,0
A0A0F3PVT8,0
A0A256XUF5,0
X1W0N0,0
A0A0A9BMX7,0
A0A0E9U6W3,0
H1RXX1,0
F5RZ66,0
A0A0A8Y4F8,0
A0A3P7K9K6,0
A0A222QV31,0
F0G2S3,0
A0A466SP80,0
A0A0E9UGG6,0
A0A0E9QBA0,0
A0A1A8JCF6,0
A0A0A9MA49,0
X2IB95,0
A0A1Z4UKC2,0
X1MB52,0
A0A1U9AC40,0
X1T5D7,0
A0A141RKF0,0
A0A0E9PH73,0
A0A2X4PZP1,0
B1TBH0,0
W1V8S7,0
A0A2P2PVY5,0
F8L511,0
A0A2A7QMB8,0
A0A1R3JXQ0,0
A0A1W9MAS4,0
A0A1D3L7C8,0
J2YN23,0
A0A0B0MU34,0
A0A0W0FID7,0
A0A1D2QKX0,0
A0A368NZ36,0
V4Q6S3,0
Q11KR0,0
A0A2P2K6S9,0
A0A0A8Y4E1,0
A0A1H8AR03,0
S7J3C8,0
A0A285M9L7,0
A0A286N1W3,0
U1MYS6,0
A0A392UEF5,0
A0A0A9LMJ1,0
A0A2S8N7K3,0
V5R9T1,0
Q44847,0
A0A357CX99,0
A0A182IGK7,0
A0A391P4U1,0
A0A0T7D401,0
A0A0E9U9T6,0
B0B1X6,0
J9F7R0,0
A0A0E9TE26,0
A0A382WHN9,0
A0A0A9V7F4,0
A0A0E9PLQ6,0
A0A1N6HYU5,0
A0A2M8YFC4,0
U4L5W8,0
A0A0F9LLL1,0
A0A2W6SKI9,0
G1D3D8,0
A0A2G8ZLY9,0
K1SF76,0
A0A098L4N4,0
A0A218WRP0,0
A0A0F9IKB2,0
P85217,0
R6XXP6,0
A0A2P2P6P6,0
F8W1Q1,0
A0A1V6J2L7,0
A0A2V3A144,0
U5MW78,0
A0A484AY76,0
A0A0A9GAL5,0
A0A0U3ALA7,0
A0A174Z9E2,0
A0A2M9ZRN5,0
E4ZSQ1,0
Z2EJJ5,0
A0A0A9I4X0,0
A0A1A8R5W5,0
R2QU54,0
C5ENU8,0
A0A2E0P6W6,0
I3ZKM2,0
A0A0M2P8A9,0
A0A0A9SVY8,0
A0A452ZZK0,0
P80453,0
A0A2J0LIF3,0
A0A392UWK9,0
A0A2S8MSQ8,0
X6JY33,0
A0A2P2JGU0,0
A0A0Q6YVQ0,0
A0A3S4GYR2,0
A0A1H7FIH8,0
A0A0H3GQV2,0
G3HM51,0
A0A0A9NEE0,0
A0A2N6VHE9,0
A0A0T7N5K7,0
Q8MER8,0
W2J5W5,0
A0A0C3PN96,0
A0A383DB10,0
E1ZZL2,0
A0A382BL42,0
A0A1T4Y7R1,0
A0A0A9LKU6,0
A0A0B0PW00,0
C4J1E0,0
A0A0A9CAU2,0
A0A346AFN3,0
A0A368EZ43,0
B5W766,0
A0A0A9GRW7,0
R4LX89,0
A0A1I5M7J0,0
A0A1H2SMW1,0
A0A2P2PB33,0
A0A1H0WNA0,0
A0A2S4WAU4,0
X1NJU6,0
A0A0A9UPW6,0
A0A0E9UYT7,0
R5FDV4,0
A0A0B0N4A2,0
M1VX89,0
W1YQ34,0
A0A1X3HYA5,0
D4DNY6,0
A7VHQ4,0
A0A0E9UJ66,0
A0A2P2NA46,0
A0A0E9RXV9,0
A0A3R5HKX1,0
A0A0A9Q9J1,0
A0A1N6E2Z5,0
A0A1A8D391,0
A0A0E9SDU5,0
A0A365ZG10,0
A0A087S5C6,0
N4WC37,0
A0A0E2AIL0,0
A0A1I4PE81,0
A0A0A9LD23,0
A0A0A8Y0E4,0
B9E0C7,0
A0A0K2TX36,0
A0A0A8Z1U6,0
A0A094CCT7,0
A0A422XGQ4,0
B7CD25,0
A0A264S8Z4,0
A0A1F5NTI1,0
A0A2N9M3N3,0
P13698,0
A0A2H1XSX3,0
Q8VKF0,0
A0A0A8Y0B6,0
A0A484MVX5,0
A0A1A8SHU0,0
A0A2V3UQH2,0
A0A0A9U888,0
A0A422M3V4,0
A0A2P2P7T4,0
A0A0A9QLM3,0
A0A0L0F1G9,0
A0A0G0NF54,0
P44169,0
A0A382KRK5,0
A0A183MEW6,0
A0A1C5P3F4,0
M6ED49,0
A0A1R3J695,0
F3JWW1,0
A0A182KHK8,0
A0A1W1HI91,0
A0A0A9TX61,0
A0A2K3KLP8,0
A0A0E9R124,0
N6UTK7,0
A0A2P2Q466,0
A0A2P2QNL3,0
A0A0E9XSG0,0
J2T0H4,0
A0A3D0F6C5,0
A0A0A9BX48,0
A0A3A9FU78,0
Q4TII8,0
A0A0A9SV25,0
D4LYG9,0
A0A2U1A4A3,0
A0A383B2B0,0
F9VQW5,0
T4IPL9,0
A0A0E9XL76,0
A0A0M4N9K6,0
A0A2S6DU56,0
D7TH19,0
Q45975,0
R5FZV1,0
F6H927,0
A0A454CQZ0,0
A0A2N0IPU1,0
I1KST4,0
C6A2E8,0
A0A0F9B7V3,0
A0A2G1YTQ8,0
A0A0A9FBU1,0
F2AHB9,0
A0A3M7T0G0,0
X1RQU7,0
A0A193KSE3,0
A0A1N6GFN7,0
A0A0A9KPY0,0
Q9KRD7,0
A0A0A9JU36,0
A0A2T1AIL2,0
A0A416M641,0
A0A0K2TPT5,0
Q4W671,0
A0A416NFS1,0
F4Y1C4,0
D6PZH7,0
A4WFD6,0
A0A0A9UVZ8,0
A0A367MZM7,0
A0A2N3W906,0
A0A0E9S8V7,0
A0A241YM64,0
A0A0C5VN78,0
A0A0E9QRZ5,0
A0A0H3AZR9,0
G0MU46,0
A0A0A9BY37,0
K0EMR2,0
A0A0A9HI65,0
M5YBB0,0
A0A0A9PR85,0
A0A379AC97,0
K6ZNK7,0
A0A1E2S231,0
A0A0B0NLE9,0
A0A0G0VC56,0
A0A0E0I0H1,0
W8GYM8,0
A0A2V9IUM9,0
A0A0E9UZA0,0
A0A183KPL6,0
A0A0E9Y1B4,0
A0A0A9EJU8,0
A0A0E9U9B3,0
A0A0T7PNU9,0
A0A0Q7CLF0,0
X6J3W6,0
A0A076L0A9,0
A0A0U0UP63,0
A0A420XDA8,0
Q53U46,0
P0C7S7,0
A0A382NZ56,0
A0A0Q1BDB9,0
A0A0D5LLC9,0
A0A0A8ZPJ9,0
A0A0A9N459,0
A0A328KAV6,0
A0A2K0QPA6,0
A0A0E9RXU8,0
A0A0E9UBV6,0
M6WJE0,0
A0A3P7Q5X7,0
O58286,0
A0A0A7EXX0,0
A0A383AZ55,0
A0A0A8ZQE0,0
A0A2U3K379,0
A0A1C3THT7,0
A0A0K2V226,0
A0A0A9BFM7,0
A0A1P8WGN0,0
A0A0A9KGZ1,0
A7VBU1,0
A0A0R1M8T2,0
G0IA10,0
A0A0A9JL23,0
A0A182WNX2,0
D7TFR3,0
A0A0E9QYB0,0
A0A0A9Q664,0
X1DQN4,0
A0A139D4S3,0
A0A2V8FHM1,0
A0A382RSP9,0
A0A2K3LHL5,0
A0A2P2NAE4,0
A0A2D9HSR0,0
A0A0A9IMR3,0
A0A0E9RYY0,0
C4PV96,0
A0A0E1M3N4,0
Q6EI07,0
A0A2P2R3B6,0
A0A401VAL0,0
A0A066UXA6,0
A0A392WC43,0
A0A0E9QZ50,0
A0A3D2RPC8,0
A0A0A8YPA3,0
A0A0F8AW10,0
A0A0F9C068,0
A0A0K2U1W4,0
A0A0K2U6G8,0
A0A356KX13,0
A0A1Z1MHY0,0
U7QI49,0
A0A088AGE8,0
A0A182RN60,0
R4MIB2,0
A0A023CNF1,0
A0A3M0UTR4,0
R4M2Z1,0
A0A0A9LQF5,0
A0A0A9FD93,0
A0A0E9STE1,0
A0A1H2SVC6,0
H0YIB6,0
A0A0A9DVI2,0
A8BLT4,0
L2LFA1,0
A0A417BBA3,0
A0A317MHL2,0
A0A088AI32,0
A0A482DCU3,0
J9C7M4,0
A0A336JX68,0
A0A3D0TBA0,0
A0A392S627,0
K2S3V0,0
A0A0A9AHF0,0
A0A498QMC5,0
A0A0B0N310,0
A0A3T5Y982,0
Q5EDN1,0
E5AQR4,0
A6EBS5,0
A0A0A9I1P5,0
A0A2N8JBE8,0
A0A2T0K363,0
M5EJE4,0
A0A392VHR2,0
A0A160F738,0
A0A3M5DWI2,0
T2I472,0
A0A2E3V601,0
A0A381V1J6,0
A0A0A8YJU7,0
A0A0K2TQQ9,0
B0CDW3,0
A0A373SJZ9,0
A0A382LNQ3,0
A9WLG5,0
A0A0E9QFX2,0
A8NF13,0
A0A062IHV6,0
A0A0E9R6F2,0
Q9Z1H4,0
C4I9Z4,0
A0A0A9I962,0
A0A1L5KPK5,0
A0A0A9KUF2,0
A0A2K3GV81,0
A0A0A9RTJ9,0
A0A3D3Z8Y4,0
A0A3S4JKL0,0
A0A0A9AE34,0
K9G056,0
A0A0A9MK26,0
A0A1R3JX59,0
A0A454CRM3,0
A0A0E9VRW0,0
A0A354HSR1,0
A0A3Q7HMR4,0
A0A380KW54,0
A0A1L6L995,0
A0A0E9XS89,0
A0A111U4R3,0
A0A382X0F4,0
A0A1Q3R517,0
A0A1H0AM42,0
A0A3S5FFH4,0
A0A0E9PPS2,0
B6UDB0,0
A0A0A9H3A4,0
A0A0A8Y7U1,0
A0A379B7Q4,0
D9RV50,0
A0A1G9RPD1,0
B5F305,0
A0A0D1L4S5,0
A0A392UAW3,0
A0A415J8Q4,0
A0A1L3MXB8,0
X0UVX7,0
B8EQJ3,0
A0A084QYI1,0
I5ASY1,0
U6FP74,0
A0A1V5YEU8,0
G9QP25,0
A0A0A9LM55,0
A0A0A8YTS2,0
A0A259KWU1,0
A0A3R2LVQ1,0
A0A0L0NTX0,0
A0A0A8YP33,0
A0A0S3UI52,0
X1EB05,0
A0A1G0JRJ9,0
A0A3E0NEZ5,0
A0A382JFU0,0
A0A0A9B9V3,0
A0A1V6PTT3,0
P25788,0
A0A0A9L2T5,0
A0A0A9HBY6,0
A0A0E9SFB1,0
C5WIJ5,0
A0A0E9QKB2,0
A0A067ENT6,0
A0A0E9W6Q4,0
A0A2K1NX75,0
I8WZQ3,0
A0A329A9K6,0
A0A443S2Z2,0
A0A0K9RFQ1,0
A0A3B0PUW2,0
A0A0A9LY08,0
J9G9K3,0
A0A3U6B4C6,0
A0A392TVQ2,0
A0A2P2J2D2,0
A0A366FJX8,0
A0A348WGH7,0
Q93S31,0
Q98YJ7,0
A0A0E9T451,0
A0A124FLJ4,0
A0A0A9MMW0,0
A0PAB6,0
A0A1G6LH86,0
A0A2M9SWA1,0
J9RAV2,0
T0D9L0,0
A0A392W4F9,0
A0A0A9CIE0,0
A0A2V3IMZ2,0
A0A1V9H4Z2,0
A0A496RJT8,0
A0A0B1Q6L8,0
A0A0P4UKD1,0
H6NBS4,0
A0A0L1IJZ3,0
G7L847,0
A0A120MYK0,0
A0A0A9BB77,0
A0A0A9ABQ2,0
A0A3T2ZJT0,0
A0A2P2MZ75,0
A0A2P2PXD2,0
M5AIL3,0
A0A1A8DMJ2,0
A0A182IH84,0
A0A454CNJ9,0
A0A2P2R248,0
A7AL61,0
A0A0P0V927,0
I9ENW9,0
A0A0A9T4C6,0
A0A0A8ZJD1,0
Q7RE59,0
A0A0A8ZP43,0
A0A0E9RGD8,0
W1XRT5,0
A0A0A9TTC8,0
H8KLI8,0
A0A0S3S929,0
A0A1A8G7N3,0
W0V3D1,0
V6CB97,0
A0A2D0JWX8,0
A0A2Z5YJV0,0
A0A2P2IIJ9,0
C0PSZ2,0
A0A0A9FZ84,0
A0A3L6EG73,0
A0A1D6HUC1,0
A0A382KF76,0
A0A0P9Q1L4,0
A0A0E1VQ62,0
A0A432YXC7,0
A0A182HZJ0,0
A0A0E9W2W0,0
A0A0W8FK25,0
A0A0A9IV15,0
A0A377BNM0,0
A0A0A9EI49,0
A0A0A9L9C3,0
C2NJW6,0
A0A368YA19,0
A0A2R8BB98,0
A0A417QR34,0
A0A0A9EKF4,0
A0A022RV64,0
A0A1R3KXY2,0
M6GIV7,0
A0A3B0Z843,0
A4SNZ0,0
A0A160TY65,0
A0A087ZQE8,0
X6MX16,0
Q918S0,0
D4LV85,0
A0A1G6GD85,0
A0A2P2NSR7,0
A0A0A9J5N3,0
A0A2P2QSV2,0
Q34696,0
A0A238UMU4,0
A3WRQ4,0
A0A3C1U3A9,0
A0A0A9IYQ4,0
P0DPJ6,0
D4M7F8,0
A0A3S0EEV1,0
A0A382I527,0
P80755,0
M0RKJ7,0
A0A3G6MI77,0
A0A0E9XD31,0
A0A3S1R3V4,0
A0A1U9NH47,0
A0A0U0TEH4,0
A0A0A9LGW8,0
A0A0E9VZZ5,0
A0A356ZAG4,0
A0A0A8ZFV6,0
A0A0A9FN34,0
A0A483AEM3,0
A0A383DZM5,0
A0A3Q3AD28,0
A0A2S7T2T8,0
A0A0A9A9S2,0
E3GGX4,0
A0A3A6RJH7,0
A0A349T272,0
B2LA38,0
A0A235FHI3,0
F2A9Y2,0
A0A0A9M029,0
A0A0A9RCG9,0
A0A2P2ITG2,0
A0A0E9VBR3,0
D7S195,0
Q9PRZ0,0
A0A1B8YEA6,0
A0A346IF61,0
A0A1I7WIQ0,0
A0A0A9L2P5,0
A0A0A9GNY2,0
A0A3D6EVR2,0
A0A0E9UE40,0
D4MRE2,0
B1BWU8,0
A1ZYL5,0
A0A0A9T1B9,0
A0A0A9NPW4,0
A0A2P2MGD0,0
A0A482MJ59,0
A0A1C7L3E2,0
F3CJM8,0
A0A3B1IG05,0
A0A3B9LC37,0
A0A403M7G0,0
A0A1B1NMX7,0
A0A3D0Q344,0
A0A0E9XCL2,0
A0A0W1QGF5,0
A0A0E9VKP8,0
I3T0Y6,0
A0A223HUF6,0
A0A182FXC1,0
A0A3D9TVL0,0
A0A158M5Y0,0
A0A0A9FXV7,0
A0A1E3QPH1,0
A0A0A9KM16,0
A0A0A9GBY7,0
A0A212L0E2,0
A0A243GQR7,0
M0C7Y4,0
A0A3R4TXY5,0
A0A0E9TX20,0
A0A0E9UC52,0
M6LT91,0
W7LG71,0
A0A0A9HV97,0
A0A2J8R8X0,0
A0A2P2QL00,0
A0A0K2VCJ1,0
A0A0T7MFW7,0
A0A0V1A175,0
A0A316X3J4,0
A0A2K3JX28,0
A0A0A9LCP3,0
A0A0L0WAC9,0
P85607,0
A0A2P9ANG0,0
A0A0A9MR69,0
A0A0A9IVG2,0
M5AKV5,0
A0A1R3INP5,0
A0A0A9QT91,0
A0A076JRC7,0
A0A2V9TQ85,0
A0A0E4BHY6,0
A0A0A9F4X9,0
A0A2P2NPT7,0
A0A3B9R8Q8,0
A0A0E9VWV3,0
A0A2T5WUM7,0
A0A1V2B476,0
A0A2N3YAI9,0
M3PXD0,0
A0A2H0HGM7,0
A0A0E9QVW3,0
A0A182S4D1,0
A0A1R3JJ93,0
U2X2A6,0
A0A3C1B7H9,0
A0A256LG58,0
T1GLV7,0
A0A2S4LQX8,0
A0A382MMB2,0
A0A1B6NWB0,0
A0A3R6AQ97,0
A0A0P9R3K4,0
A0A454D594,0
A0A0A9SZH8,0
A0A167DEA3,0
M5W459,0
A0A1D9G7P0,0
A0A1J5RSY4,0
A0A059EWY4,0
A0A293SJC1,0
B5F5Q6,0
A0A1X7SXL2,0
A0A0E9VZQ3,0
A0A3S2UQ37,0
A0A0A9LW44,0
A0A0A9KBV9,0
A0A0W0FYZ0,0
A0A133Q7B6,0
A0A1L5KRC6,0
G9R3E4,0
A0A251W147,0
L2T8N2,0
A0A1I6ANK6,0
A0A0E9UU23,0
A0A2P2NXX2,0
W6ATW0,0
A0A180F7E3,0
E2FCV1,0
A0A0B0PP34,0
A0A2P2NV37,0
A0A0F9BV15,0
D5AQY6,0
F4SHC0,0
A0A0E9UUH8,0
A0A182HVY9,0
A0A0A9TM63,0
F5H4E3,0
A0A1Z1MDH6,0
E0RB81,0
A0A1G0E1T5,0
G5SE34,0
A0A0A8Z9Z1,0
D7TU14,0
A0A415ZFD5,0
A0A174ADS9,0
A0A0E9UTJ3,0
A0A0E9SJ27,0
A0A1U6JWI0,0
A0A2W5AXI0,0
A0A1M5GNK7,0
A0A496W400,0
A0A0E9PVJ6,0
X1PI08,0
S7ZSR6,0
A0A0F9C833,0
A0A496LMD1,0
C4AT05,0
A0A3S5E9Y9,0
X1T2V6,0
A0A2U0WYE3,0
A0A2P2NWH6,0
A0A1I4RGP0,0
A0A0A9QI81,0
A0A1L9SI95,0
A0A1H0BIN5,0
A0A0E9TN20,0
Q7VKB6,0
A0A0A9BTF6,0
B2L5E8,0
H3BLQ1,0
A0A0P5Z824,0
A0A0A9BV77,0
A0A0U1TA34,0
A0A383D4R4,0
A0A171A9N0,0
A0A351A194,0
A0A3D4UXL5,0
G0NY87,0
A0A372XVB4,0
A0A2N0PA08,0
A0A140LIS3,0
A0A2D9QMJ2,0
A0A0A9TC47,0
G0MV68,0
A0A0A9LJQ4,0
A2NTS7,0
X1FU01,0
A0A2P2IK47,0
A0A0W0G1D6,0
A0A2C9V5V6,0
A0A2P2PUL6,0
A0A0E9PG33,0
A0A328RCX8,0
A0A0E9STT0,0
E8JHH4,0
V9W3M7,0
O78379,0
A0A0A9JJQ1,0
A0A0A9JAD7,0
A0A0E9XYA8,0
A0A0E9RYP9,0
A0A0B0NZ13,0
K0Q057,0
Q4SK13,0
A0A2P2NLS7,0
A0A0M5N150,0
B5U7K5,0
A0A059IU79,0
A0A075IPG9,0
A0A0E9QYF7,0
A0A392RD59,0
A0A0F9EGZ5,0
A0A0E9PB73,0
A0A1R1YIR5,0
A0A1R3JI10,0
A0A0C4Y6S0,0
R7IV64,0
A0A0A9FFD1,0
A0A3S5DN44,0
A0A074W3J1,0
A0A0A9QAM6,0
B3SYE8,0
A6UXF7,0
A0A0A8ZVX9,0
A0A0E9VW48,0
A0A0E9VWR2,0
A0A0K2T7T5,0
A0A0A9F8N6,0
A0A257GZ38,0
A0A0A9LNB6,0
W1YMS5,0
A0A238BYG2,0
A0A1Q1FYK8,0
T1JQ45,0
A0A1R3IT56,0
A0A2H4UWF4,0
A0A1H8JGA0,0
A0A0E9PAP6,0
E5BB06,0
Q6JTX7,0
A0A3S4VGF4,0
A0A1X0SAW0,0
A0A0A9SCG7,0
V8IBZ0,0
D0ZEU5,0
A0A022RD58,0
A0A0K2V9K0,0
A0A384JH44,0
A0A0E9W4C0,0
A0A098F425,0
A0A0A8Y1Y5,0
I9Z7Z3,0
A0A1M5JKN2,0
A0A3N5X105,0
A0A369C3C3,0
N1Q0E9,0
A0A0L1C4V1,0
A0A1C4DQK3,0
A0A0A9M3Z6,0
A0A1J4UJ93,0
A0A2P2PLU8,0
A0A0E9R1S4,0
A0A0F6AX97,0
F2DRM9,0
A0A2R7WWB9,0
A0A454U0A0,0
Q2GV23,0
A0A2P2PXI6,0
A0A2S9SWG6,0
E5B6F8,0
A0A0A8YQ97,0
A0A2P8GHN1,0
A0A3S3AIV7,0
A0A0E9UV67,0
A0A232EHT2,0
J4H1R8,0
A0A2P2NJE2,0
H1QBI2,0
A0A098DYS7,0
A0A1Y3AVU0,0
F4VLW3,0
A0A3R5XIH3,0
Q98G02,0
A0A0S2I538,0
A0A0F9MQ63,0
A0A2D8M380,0
A0A0S3G5P8,0
Q9MUQ1,0
A0A405PWT2,0
A0A2T1HSS3,0
A0A0A9BWU4,0
A0A444XJC8,0
A0A182FYM0,0
A0A0A9MHF2,0
A0A397LF03,0
F2ARZ9,0
A0A392SMK2,0
A0A0A9SSL9,0
A0A0A9EWF3,0
A0A0B0NGM9,0
U9SUI7,0
A0A0E9R5M2,0
A0A2P2QZ24,0
A0A0K9P951,0
A0A391NK26,0
A0A419GDF9,0
A0A314YFK3,0
A0A382LKS3,0
A0A2P2N4N7,0
A0A0A7RU30,0
A0A0V1DSQ8,0
A0A3R3J0S8,0
A0A0D6QHF7,0
A0A378WWP7,0
Q29U43,0
A0A0A9AFP5,0
A0A0G1SEJ8,0
A0A401QNE8,0
C7J636,0
A0A3N6YMZ1,0
A0A0E9SRB1,0
Z2EVH1,0
A0A351E7A2,0
A0A356A8G1,0
A0A0A9M7Z4,0
A0A382HMW6,0
A0A1M7Y3F3,0
A0A0E9TH24,0
A0A0A8Z9I9,0
W1WPY5,0
W4IF06,0
A0A072TVX6,0
H9FCJ8,0
A0A381XYI4,0
F3GRS9,0
P82256,0
A0A2Z4PZK9,0
A0A366BUR4,0
A0A0M0LR48,0
A0A0E9PVH0,0
W4XUS6,0
I3M6V9,0
A0A0A9QP50,0
A0A156PRM1,0
A3U2M4,0
A0A2Z5ZH44,0
A0A259ERE3,0
A0A3R4NTQ8,0
A0A0E9SJ72,0
R7PR05,0
A0A0A9TFX9,0
A0A2P2PAL5,0
A6GNU0,0
X1S1U1,0
A0A0A9P0L4,0
X7ECT3,0
A0A2P2MUZ5,0
A0A0A9M4A7,0
C6T6Y2,0
A0A0L1IKR6,0
A0A0E9QFU8,0
S0F8F9,0
A0A0A9THQ0,0
A0A3B0PQV9,0
T3DNC2,0
A0A2P2N843,0
R4K000,0
A0A2P2PUX8,0
K9P8I3,0
T1KFK1,0
D7G0K5,0
A0A497HI50,0
A0A0E9R026,0
A0A0B0NIW4,0
V7ALM0,0
A0A384J6R1,0
A0A1R3KAE1,0
A0A0A9T5D3,0
A0A0E9PGT6,0
A0A0A9M8Y8,0
A0A3S2MF14,0
A0A453DMD5,0
L8JVI4,0
A0A355N702,0
F3GIM2,0
A0A0M0A3F6,0
A0A0E9XRW1,0
A0A1G7NX86,0
A0A2H1T3X7,0
A0A0A9KTI5,0
A0A0E9P9Q6,0
A0A3V7EHZ6,0
D7EIL3,0
A0A392V005,0
A0A2P2IVK8,0
T0L878,0
A0A392SFY5,0
X1JL65,0
D4WIB4,0
A0A0A9MGK0,0
A0A0A9N6F3,0
A0A424NGI3,0
A0A0E9SI30,0
A0A0E9LB32,0
A0A174EI52,0
A0A0A9BWA8,0
A0A0E9VFF0,0
A0A1G5VR94,0
A0A1W6G0Z0,0
A0A0A8YE04,0
A0A2I0PZ31,0
A0A3N5T719,0
A0A0C3LTE4,0
G9GD21,0
J0R2U8,0
A0A2P2PZ23,0
Q96RX5,0
A0A024P2X3,0
A0A0B0NMB9,0
F9F5V7,0
A0A2C6WGB7,0
S7J8Z5,0
A0A2P2Q1Z6,0
A0A078BNL9,0
A0A1N6UVZ2,0
A0A431WA95,0
A0A1N6X336,0
A0A0A9Q1A3,0
A0A0G0LTF2,0
A0A0E9RY33,0
A0A286GNL6,0
A0A2G6Y7Q8,0
A0A2A3CB17,0
A0A1A8EFX6,0
A0A396QXE3,0
A0A0B0NQQ9,0
A0A2H0MQR2,0
A0A0A8YLD4,0
R9RCR1,0
A0A392RQQ9,0
A0A392VT63,0
A0A2D8TE78,0
A0A0A9MQ26,0
A0A0A9VIE1,0
A0A392T4E6,0
Z2EZK9,0
A0A408VV10,0
K1ZP53,0
Q73IH0,0
A0A1U3WZD4,0
A0A2M7E2J7,0
A0A0E9VLQ4,0
E8QHH3,0
A0A2H4PTI8,0
A0A0A9TDU5,0
A0A0A9AQ79,0
A0A1C3JAF7,0
A8RAA6,0
A0A352KI16,0
A0A0A9R1B2,0
A0A154DT95,0
A0A2N0M1I4,0
A0A2M9Q612,0
A0A0A9BIF9,0
A0A2H5V2I2,0
A0A382VJF1,0
A0A382MEL1,0
A0A0V1DKN0,0
A9XLG1,0
A0A2P2QIS8,0
A0A3M5WH66,0
A0A261QPT1,0
A0A0E9T4G2,0
A0A0A9A4R9,0
F9FMR6,0
A0A0E9P9Z7,0
Z2EW54,0
A0A124SDZ1,0
C6R7Q8,0
A0A0B0MLW5,0
B4FPZ4,0
A0A2N6R160,0
A0A2P2P1F8,0
A0A0E9U2C2,0
Q1XB12,0
A0A3D3I1A1,0
Q83139,0
A0A2P2NQN2,0
A0A1H4DZU4,0
J6F8F3,0
A7C7D1,0
A0A0E9SQS1,0
A0A0E9QZL0,0
A0A0D2W0W6,0
F6XN88,0
A0A0E9QBG5,0
A0A0A9GRZ7,0
A0A2K1NYT7,0
A0A2P2P888,0
T1KRV0,0
A0A0A9R8N9,0
A0A0A8ZWC5,0
A0A482S0G2,0
P86495,0
A0A0P0YIQ8,0
A0A0A9ARB1,0
A0A392U2H0,0
Q9UMI8,0
Q6BDK5,0
A0A3P6B8B0,0
A0A2P2QYR5,0
A0A1D8BET0,0
A0A0A9EIR6,0
A0A212G675,0
A0A435FLM8,0
E9NS83,0
A0A060ZB02,0
A0A0E9WCZ0,0
A0A392U8P9,0
A0A3M1CJY5,0
A0A3W2RI79,0
A0A382A2G7,0
A0A1I0XX83,0
A0A0K2ARS9,0
A0A3G3ME47,0
S2NR83,0
A0A0V0YVH0,0
A0A0A9ASW5,0
A0A0E9XX82,0
Q9ZG32,0
A0A0A9PVC0,0
G3FDE3,0
A0A3A9AS81,0
Q45HN0,0
A0A3D5VZ36,0
A0A287VPG5,0
A0A392SH67,0
A0A391NQ18,0
A0A0A8ZBW6,0
Q7M385,0
A0A392RFN1,0
A0A1G7YQ06,0
I2GKS4,0
A0A0A9KXA2,0
A0A2S9E459,0
A0A0A9T3B7,0
A0A0A9CD62,0
A0A090RXV3,0
A0A2S6HYE4,0
A0A380JPE7,0
A0A3B1AQU9,0
A0A0A2HEV2,0
A0A087G2R6,0
A0A0E9U309,0
W4MFN6,0
A0A1F5Z3Y6,0
A0A0A9E5V0,0
A0A0A9J7V1,0
A0A0U0Z9G5,0
A0A068UVB2,0
C6SM75,0
A0A0A9AAS5,0
A0A318FD69,0
A0A1A8JAI8,0
A0A404F8H0,0
A0A0B1RWA4,0
A0A1M6L510,0
A0A0E9TFW4,0
A0A0F9QZB6,0
A0A0A8YDS4,0
A0A1T4RTW0,0
Q08MB6,0
A0A2P2NE29,0
Q87SD4,0
A0A0A9SM17,0
A0A392QXQ2,0
A0A2P2R4C5,0
A0A1Q3DHS8,0
C6SM30,0
A0A0D7XQU5,0
A0A1I7GCV4,0
I8X9K3,0
A0A1H4IYH3,0
A0A090E047,0
A0A453K9I8,0
A0A2S6QZS6,0
A0A021W172,0
A0A0E9RX97,0
A0A355A5U6,0
A0A0E9XDZ7,0
E9GQG5,0
A0A0A9E3C5,0
A0A0E9U0L3,0
A0A0A9FHG9,0
A0A0B0Q440,0
A0A3M7QM17,0
A0A0A8XVA4,0
Q5WDS6,0
A0A1R3KP31,0
A0A0A9FIS8,0
A0A2Z6AVT9,0
A0A161KBU7,0
A0A350KI17,0
A0A0A9GMW8,0
A0A0E9TGF4,0
A0A2P2QU66,0
A0A2X0RNW7,0
A0A399M4Q9,0
A0A327KI99,0
A0A2P2QHY3,0
A0A3E1IHT5,0
A0A0U0TT26,0
A2GFW3,0
I3S9H0,0
A0A350KFG5,0
K1SMK5,0
A0A2W7SLH4,0
A0A2P5AK96,0
F4PID7,0
A0A0E9UWT1,0
A0A3Q7G0G9,0
M1X4Z8,0
A0A0A9PUJ3,0
A0A0A8Y044,0
A0A1R3L1P9,0
A0A392VMP6,0
B8FD34,0
A0A1G4KAD6,0
X1HP64,0
A0A408DKP0,0
E5C3X0,0
A0A0A8ZPZ4,0
Q6YX76,0
Q53580,0
A0A2P2Q0G1,0
A0A3D6DTI5,0
A0A0A8YRM7,0
A0A381ZY75,0
J2GE77,0
L7I8T2,0
A0A0E9QGU5,0
A0A0V0XTG0,0
A0A2D8YV85,0
A0A2T5JP64,0
T1JZP8,0
A0A3P6FU30,0
A0A3R5DFT3,0
A0A1C4FP52,0
A0A358QKF1,0
A0A2K8SWI9,0
A0A0E9U4H1,0
A3ZPU4,0
A0A0A9T6U5,0
A0A2K3KM49,0
A0A2P2ISL2,0
A0A1R3HIZ4,0
X1LBW7,0
A0A383EGE4,0
Q5J9A3,0
A0A418X8D0,0
A0A345LZK4,0
A0A0E9RYG0,0
Q6V0Y9,0
A0A0E9TCG4,0
A0A0Q9SR26,0
A0A3S1L3Y3,0
H1ZWK9,0
Q9T2I8,0
A0A1A8D711,0
A0A0P0XLS6,0
U1YVV3,0
A0A182FYB7,0
A0A392UKB8,0
A0A1H3AW93,0
W5SU85,0
A0A0V1DP78,0
Q9R501,0
E3XRW1,0
B5SWL8,0
A0A1G9TFS6,0
A0A0A9F9W6,0
A0A0S1UY68,0
Q9G5Z2,0
A0A1Z3UW27,0
A0A2A8HBD7,0
A0A382HLW5,0
A0A0R3R9E7,0
A0A0G3M3M3,0
A0A0L1KFF8,0
A0A0A9Q8V0,0
A0A1Z1NL25,0
A0A1A8DKL9,0
A0A2N1NAU7,0
A0A0E9PVU4,0
A0A0A9H539,0
A0A3D2ZJJ9,0
A0A0K2TIN8,0
G4NYF7,0
A0A1V4UTZ3,0
A0A2R5EZ98,0
A0A0C2BNZ1,0
A0A0A9DHT7,0
A0A392UIH2,0
D3V4H2,0
A0A0B0MN16,0
A0A382YNI0,0
A0A085GEQ8,0
A0A2E8HF84,0
K9NZT5,0
A0A348ZUR8,0
A0A2X0MHI4,0
D1NEN3,0
A0A0A9C5J0,0
A0A1R3JBS4,0
A0A087NFY9,0
A0A0Q5UPV0,0
G0QEY1,0
I4I4Q0,0
T1L3Y1,0
A0A1H3DZD7,0
A0A482V075,0
A0A2P2Q7Y5,0
A0A3R4SGL9,0
S7IT07,0
A0A3B9YK65,0
A0A1V2N4L1,0
B6IGQ5,0
A0A3T1DUI0,0
F0CC69,0
A0A0B0N080,0
Q4SE06,0
Q4TYQ0,0
F2CS90,0
A0A2M8Y2Y3,0
T2I477,0
A0A0E9UWI6,0
A0A1C5RL17,0
A0A0B0PNZ9,0
A0A379ZEW9,0
A0A011APG2,0
A0A450XWR2,0
A0A160L7U7,0
W6AL53,0
A0A3E4PGW9,0
A0A0E9TVX7,0
X8BEC9,0
A0A354BQW9,0
A0A0A9MH69,0
A0A0E9VP47,0
A0A2S6SP97,0
A0A1A8QHI0,0
A0A349WW57,0
A0A258D7S1,0
A0A353Q086,0
A0A0A9LZN8,0
J0PS53,0
A0A0E9RTM5,0
A0A1X2RH85,0
A0A0A9LYK6,0
X1D149,0
A4ZHT6,0
A0A3C0RDS4,0
F6D7T5,0
R5GWG0,0
A0A0A9T4S9,0
A0A0A9K542,0
A0A3B0TPJ4,0
A0A381Y022,0
A0A0H6XCP7,0
A0A447M2P4,0
J0PQM0,0
A0A0A9LPG8,0
A0A401QAX1,0
A0A351QHL1,0
T4ISE0,0
W9HDV2,0
A0A0B0M848,0
A0A0B0N7Y1,0
A0A0E9RKG1,0
B7SK91,0
L9UTZ5,0
A0A0E9RPY2,0
A0A2V7XQ62,0
A0A407EZP3,0
A0A357FGG3,0
A0A3R4IYQ1,0
N2BD70,0
A0A0E2NBY1,0
A0A287CSU9,0
A0A0S1YQS4,0
A0A0A8ZAF6,0
A0A2U9N2A9,0
A0A1R1X176,0
A0A0A9EHP3,0
A0A161QX41,0
E6WII0,0
A0A1C6ER57,0
W1UMZ0,0
A0A0F9ERW3,0
A0A497T0X5,0
A0A2P2N6B4,0
A0A2J1DS27,0
A0A358BXT8,0
T0G7D9,0
Q77704,0
A0A382V5E9,0
A0A447EBJ9,0
A0A0P5VVV1,0
A0A438WPW3,0
W5SWG3,0
A0A372QAC1,0
A0A1Y3CET6,0
A0A392T1K0,0
A0A024A2E1,0
A0A1I7X9T2,0
C8VDA5,0
A0A1P8WQF4,0
I8VJR4,0
A0A0Q4P4I0,0
J9FT15,0
A0A2M7Z5H9,0
W1WPG7,0
A0A401Y4F6,0
A0A083WZG7,0
A0A0E9VXW7,0
A0A0B7IHC1,0
A0A0E1SSZ7,0
A0A1I3TJ37,0
Q7M1W6,0
A0A0E9UUE5,0
A0A3L6FEF2,0
A0A1C0AZ61,0
B1ZBF3,0
E3BGJ6,0
I4T7U1,0
A0A0F9IIA5,0
V7IKC8,0
A0A090RX70,0
A0A2P2N6Z4,0
A0A0A9ND44,0
A0A3M1UL10,0
A0A392U8V7,0
A0A3M5GQA4,0
A0A022RFU2,0
A0A1R3H6J1,0
E9PKT3,0
A0A0U5FBV7,0
A0A1I4XAF7,0
C9MNL3,0
A0A3W3KCC0,0
A0A1W6VWB9,0
A0A078JKM1,0
A0A1G3MAM6,0
A0A0A9FGF4,0
A0A0J8B4L5,0
A0A0E9QAB8,0
A0A0E9V9X2,0
A0A2P2NBG5,0
G9GTI9,0
A0A0E9VCG4,0
A0A061S865,0
A0A132AFV7,0
A0A2G8RAM6,0
A0A3N5QJ41,0
A0A0E9U841,0
A0A1H8NK87,0
A0A257M7P9,0
A0A0E9R5W0,0
A0A392RUS0,0
H9GVK4,0
A0A2M7CR96,0
G5K674,0
A0A0A9TKB2,0
A0A0E9VZP4,0
A0A0H8V639,0
A0A1V5YT14,0
A0A1C4RJ58,0
A0A2P2NWP5,0
A0A3P7QTR2,0
J2GYK9,0
T1A8L5,0
A0A452HWJ5,0
A0A2G3J4R1,0
A0A1X7HCV6,0
A0A0A9PS81,0
A0A0Q4L440,0
A0A0A9QA38,0
A0A2U2NEZ3,0
A0A392Q6A9,0
A0A436NPV6,0
A0A316CY49,0
A0A2Z3DH70,0
A0A1I7EFK6,0
A0A0A9T5V8,0
A0A383DW65,0
A0A482VBM7,0
A0A2T6KJJ6,0
A0A0E9P5H7,0
Q47251,0
F4SWI2,0
A0A0E9TZU7,0
Q2FYS3,0
A0A0A9QZF8,0
Q36258,0
W9TGT1,0
A0A0A9KQZ9,0
A0A3S2FK25,0
A0A0A9P1L0,0
A0A167SES9,0
A0A382AAZ5,0
A0A2N8FLW2,0
X8FHP7,0
A0A099CJV1,0
A0A3L6EZ14,0
A0A2P2M3F1,0
A0A2P2IKV0,0
A0A0A9KP94,0
A0A0K2TJ54,0
A0A291B7P7,0
A0A3S8QAM8,0
A0A1A8EG93,0
A0A0E9Y2L4,0
A0A1C4YXM7,0
A0A0B0NVB4,0
A0A0K2T446,0
A0A3N5QLE9,0
A0A3M3DPZ3,0
A0A0K1QSJ4,0
A0A2I7S0H1,0
X0TMB5,0
A0A2P2NL19,0
Q96C75,0
A0A0A9EIE4,0
F6I3W6,0
A0A2G9T6P3,0
I3WUN8,0
A0A076L0H3,0
A0A2N2CH25,0
A0A329S3B5,0
A0A3B0UJK0,0
A0A0A9Q822,0
A0A0N0YWP9,0
A0A0F9I9N0,0
H8MDY5,0
A0A3V6DGR9,0
A0A182FKV6,0
A0A376C419,0
A0A382ZV60,0
A0A158S6K0,0
A0A0E9UR56,0
A0A2P2NSS2,0
A0A3P7SF58,0
W9AJ45,0
K3Y3U0,0
A0A481WR28,0
A0A1N7M114,0
A0A0E9TVJ6,0
A0A0A8Y0X3,0
A0A2K8SML5,0
A0A2H0VIV9,0
A0A1Q7HD21,0
A0A0E9T9V7,0
A0A1H3HD62,0
A0A1F6XMN4,0
A0A2M8SG26,0
X1FUM3,0
A0A0A9U497,0
A0A2H5N1L7,0
A0A286TF77,0
A0A0A9L6E5,0
A0A350K6W1,0
C9QIA7,0
A0A3D5UK64,0
A0A0K2V0Q6,0
A0A0E9VDW9,0
A0A0A9L7D8,0
A0A1R3IR18,0
A0A0E9TNV6,0
A0A1R4HH18,0
A0A3G7LKC1,0
A0A418IIG6,0
A0A0A9LIU0,0
J2JEP7,0
A0A0E9VPD2,0
A0A0K2TNN3,0
A0A0A9BAT9,0
A0A0E9QRY7,0
A0A1T4KWT2,0
A0A392TXR7,0
A0A2P4SBT8,0
K2CZ18,0
A0A357PXX0,0
T1KD69,0
B4D4G9,0
A0A068R6T0,0
A0A1G0XVQ7,0
A0A0K9RJ75,0
A0A0A9QX05,0
A0A0A9C6W2,0
A0A431QTW5,0
I9U406,0
A0A0A9UZV4,0
A0A436FRA2,0
A0A0K2T0G3,0
A0A3P1UKI9,0
S5NKL7,0
K2EBW2,0
A0A0A9FHK4,0
A0A0A9J8S4,0
A0A0A9SNF4,0
T1KL91,0
A0A436X5N4,0
A0A392UPG8,0
A0A3P8H5S3,0
A0A0N0U450,0
A0A0A8Y6U9,0
A0A0E9RXA7,0
A0A0A9QBC4,0
A0A0A8ZW76,0
A0A0A9G2I8,0
A0A2T1A1X9,0
A0A3S4P3K1,0
A0A1L3I9Z5,0
A0A1I8JVW8,0
A9KCX2,0
Q9TR26,0
A0A0E9Q7W6,0
A0A1C5D629,0
Q9QZX4,0
A0A0A8Y2N1,0
C0HFP0,0
A0A3W0XPZ0,0
A0A068TJ76,0
K1TIH7,0
A0A2N9MH09,0
A0A3E4ZJD4,0
A0A2C8CX25,0
A0A0E9PY58,0
A0A0F8WG23,0
A0A407FMD2,0
A0A1G4NS53,0
A0A3R9ERG9,0
A0A2Z4Q4K0,0
T2SMU2,0
A0A1A9HTG9,0
A0A0T7N6Y1,0
A0A0E9P8G5,0
A0A1S7R1D2,0
T0KU24,0
A0A0E9PNM8,0
A0A481BXE9,0
A0A1V9R496,0
A0A1V5PX00,0
A0A1N6WIH1,0
G8TD87,0
I7K4Z3,0
A0A0A8ZIN3,0
A0A0W0FYK6,0
K7ELE2,0
A0A0A8YR69,0
E7TJB2,0
Q8KPF2,0
A0A392TCQ1,0
A0A401XXT7,0
A0A0E9P9F1,0
A0A1D3RJE0,0
A0A382Q9J6,0
A0A0M0SLV4,0
A0A0A8ZV50,0
A0A073H7Q8,0
W3YFI3,0
A0A0A9TRX7,0
X1P1A0,0
A0A3P6KWJ4,0
A0A2P2NLA2,0
A0A3E5BVJ6,0
A0A132A5D9,0
Q1H627,0
A0A0K9RT13,0
B3EWP9,0
A0A2P2R3M9,0
T2JET6,0
A0A0N6WG82,0
K7MSX2,0
A0A3P0CHB1,0
A0A2X6C146,0
A0A2P2NE99,0
A0A2N6N7D4,0
O35170,0
A0A0E9R1Y3,0
A0A0A9B3F5,0
F4XTT5,0
A0A1R4DT49,0
D2AE46,0
A0A407Q7Y0,0
A0A108T870,0
Q9KAH5,0
A0A0A9F1U6,0
A0A2T7ISF6,0
A0A0A9KS62,0
F6GU31,0
A0A409J1X1,0
A0A429G7I1,0
A0A1X7UUB4,0
A0A0E9QBP2,0
A0A0E9TYN1,0
A0A1V6PEU9,0
U5D2X2,0
A0A2P2J124,0
F8L355,0
A0A2P2NF65,0
R5CE97,0
J9F5J7,0
A0A0A8ZRR7,0
A0A2N6DH81,0
A0A261E1C2,0
M5RYK3,0
Q7YK28,0
A0A0A8Z985,0
A0A0S2KDI3,0
A0A0A9AAZ3,0
A0A073ILU3,0
A0A0A9PE25,0
Q1Z742,0
T0L635,0
A0A406V8K6,0
A0A425WGJ1,0
J0S821,0
A0A0A9ST98,0
A0A0A9AG93,0
A0A1C3T4S1,0
A0A0E9UXJ9,0
I2IMX1,0
A0A1A8KJZ7,0
A0A0E9RTQ6,0
A0A1R3GTS8,0
A0A0E9VY83,0
A0A0E9QUP7,0
H0T4T9,0
A0A0H7CXL1,0
A0A367N262,0
Q8GUV5,0
G4U125,0
A0A3U1DCG3,0
A0A0E9P5X5,0
A0A2V3QPG5,0
A0A1A3BQE8,0
A0A1D6GXA5,0
A0A3B8MXK4,0
G9GD49,0
A0A2V8KGP1,0
A0A0G0XLP9,0
A0A1V5ZK27,0
A7VT38,0
A0A0A9BI15,0
A0A225E6R6,0
A0A0G1ZM19,0
A0A2E1RE06,0
A0A2P2NDL6,0
A0A2K1FV51,0
A0A0A8YLL3,0
A0A0A8Z5R1,0
A0A454CT74,0
A0A1M6TEG9,0
K4LD91,0
A0A0E9R8W8,0
A0A2H0VQS4,0
A0A432EP60,0
A0A0A8YGN7,0
A0A3D0NVN1,0
A0A382JBM7,0
X0SFB1,0
A0A0A0M1Y2,0
A0N7E4,0
A0A392UH59,0
A0A2P2QBQ7,0
A0A482WCQ0,0
A0A2P2NXF8,0
A0A1Q9ETH7,0
A0A0Q5ZEZ2,0
A0A0A9K3Q1,0
A0A1Y3E4B8,0
A0A238J3F4,0
T5CH91,0
A0A251WN21,0
A0A060BEK6,0
B8CL94,0
A0A0H9BHD6,0
A0A357D601,0
A0A0B7GSV8,0
H2XKC4,0
C2D653,0
A0A160T685,0
A0A392TD04,0
A0A3B8QI66,0
A0A0F9FFJ8,0
A0A016H7F9,0
V6F4K2,0
A0A2E3BWU7,0
A0A0H6XX79,0
A0A1G4KZQ7,0
A0A0H1SAV7,0
A0A1H0CXV7,0
A0A2U3XKW9,0
A0A3S0R1M2,0
A0A348WFZ4,0
A0A357X186,0
A0A455LLN8,0
W6T4X9,0
A0A0A9EGN2,0
W2HNC7,0
A0A3P1BHY7,0
X0TXM4,0
A0A126CRL6,0
A0A382EAL7,0
A0A1H7Y1N7,0
A0A3R7SC75,0
H1X4P4,0
P41490,0
A0A0F9T7A2,0
Q9QZ23,0
A0A158D8J3,0
X1MIB2,0
A0A0A8YNL1,0
P86176,0
R4R0W0,0
E9B034,0
A0A0E9ST30,0
A0A358UXM0,0
A0A1G7QI42,0
A0A067E2M8,0
A0A374JKX2,0
A0A0E9Q521,0
A0A1H5UNN5,0
A0A0A9JN29,0
A0A0A8YUG5,0
A0A1U1XU16,0
A0A0A9DUR3,0
K0RPX0,0
A0A1M5E6A0,0
A0A2P2NGA3,0
A0A0S4X4T7,0
A0A0A8YD19,0
A0A354UL84,0
A0A0A8Y2K5,0
A0A1Y3JTN4,0
A0A1N7MJ41,0
A0A3M7UCP2,0
T4B1Q2,0
A0A0E9SP27,0
C8VH93,0
A0A2S8DKC8,0
A0A3S0C0I2,0
A0A2X3JGY6,0
A4ZNY3,0
S2F2Q0,0
Q7M264,0
Q8SPM3,0
A0A0E9Q1D5,0
A0A1I6K241,0
A0A088A7H7,0
E8ZA32,0
A0A0E9XSA2,0
A0A0E9T7I8,0
A0A1R3K8Y2,0
F9FVQ9,0
A0A0C3N0J4,0
A0A3S4PRY3,0
A0A0A9B3M4,0
A0A3D4GUK7,0
A0A420VSE4,0
A0A0A9RVN3,0
A0A1I8GDW4,0
T0CNQ6,0
A0A2K8XHG5,0
A0A0A9VHK9,0
A0A0C2J4Q2,0
Q8QNV3,0
A0A397XNY9,0
A0A257SP16,0
M1ZU49,0
A0A379H5K8,0
A0A3D5DTX0,0
A0A183I717,0
A0A0A8ZRS8,0
F1ZT21,0
A0A382GGC6,0
A0A388PIK4,0
A0A438MAT9,0
A0A090WPP0,0
A0A1G4KRN7,0
A0A023J4L3,0
A0A0E9VQ63,0
A0A0E9UQQ3,0
G9H3A7,0
J8BMU9,0
A0A257QHH0,0
A0A0A9M6B6,0
A0A2M8EB63,0
Q70LT2,0
A0A0A9H6B7,0
A0A0A9BWR2,0
A0A0E9SZ64,0
A0A415J156,0
A0A067EBV2,0
A0A2Z3YPE4,0
A0A412RJH4,0
A0A437YZW9,0
Q9LQZ1,0
A0A2P2QH43,0
A0A0A9J6T2,0
A0A455VMR0,0
A0A0B0PM72,0
K5TKY0,0
A0A086LP96,0
A0A2B4YFR1,0
A0A2K3JWL8,0
J8GLQ1,0
A0A0A8XT54,0
A0A2P2Q4P3,0
E9PA04,0
A0A182S119,0
A0A1A8H8V6,0
A0A1I2EAC6,0
Z2EK51,0
A0A1H7FRN6,0
A0A2P2NMS5,0
A0A3P7EZD9,0
A0A1R3IAL7,0
A0A498QNC0,0
Q8HIF8,0
A0A385DY85,0
A0A0F8YGN7,0
A0A0A9LU99,0
W0JRZ7,0
A0A182S461,0
A0A2P2R2I7,0
A0A3P1BQM3,0
A0A2P2Q1M0,0
A0A0A9BN34,0
A0A382C7I9,0
A0A355R7Q4,0
Q65RF0,0
D2K124,0
A0A0E9XGD3,0
A0A0H8SVP5,0
A0A0A9BDV6,0
A0A0A9MF28,0
A0A0B0ML33,0
G4TY12,0
A0A454CX02,0
A0A408C580,0
A0A2I9CE55,0
A0A1A8FEG6,0
A0A383BNU4,0
A0A2H1TAN5,0
A0A0A8YN42,0
A0A0A9FVK0,0
A0A2N5K311,0
K2EKY5,0
A0A0B7NZU8,0
A0A3B0PA21,0
A0A436TPN1,0
A0A0A9KZE2,0
A0A182NX52,0
A0A2N5XSS1,0
B0CB90,0
A0A446BQY2,0
A0A0A9U5N5,0
A0A0A9PUE6,0
A0A0A8ZX62,0
A0A2P4SMB9,0
A0A3B0UIX5,0
A0A459N6N4,0
H4UNV9,0
A0A378T1J8,0
A0A0A8Z2H2,0
A0A0A9ENQ3,0
A0A0K2VBN6,0
A0A061C598,0
V6CEQ8,0
A0A2P2IRT3,0
A0A382JDD6,0
A0A0M3HT16,0
A0A0A9Q626,0
V5ZAT5,0
A0A2P2J4W4,0
A0A143ANN0,0
A0A0B0MQK9,0
A0A0A8YUK8,0
A0A0A9E9F0,0
Q48632,0
A0A0K2VCU1,0
A0A350QXT6,0
A0A0A9TMW6,0
A0A0A9LN44,0
A0A2A7K669,0
A0A0A9QGB8,0
A0A2L0T1N8,0
A0A2I2ZHX2,0
A0A0A9QPZ4,0
A0A0F7LA04,0
B0RGD2,0
A0A330I1N2,0
T0DRH8,0
A0A0A8ZCN7,0
A0A377D0A7,0
A3IJD0,0
D6RBB2,0
A0A0A8YS12,0
A0A0E9U3B7,0
A0A392WD92,0
A0A402DK62,0
A0A0B0N2Z4,0
A0A076LLG6,0
A0A381T9I6,0
A0A1M5M759,0
A0A3R1KDW4,0
A0A484ANK9,0
A0A0A9ATG9,0
Z2EVJ4,0
A0A2P2QBP4,0
A0A0W0FEN3,0
A0A0E9TU64,0
D0TUX3,0
A0A0H7DQT0,0
A0A157W0G9,0
A0A2P2J340,0
N2A5R0,0
A0A365VM35,0
A0A1D8BEB8,0
A0A382NQ11,0
D3DFT5,0
A0A498CV62,0
R9I2V3,0
F2BFH4,0
Q9N1T1,0
A0A0G0FBU2,0
A0A0E9QFV0,0
A0A1Y3BMS5,0
B5EBZ7,0
A0A1M6U271,0
A0A160TS21,0
M6C1L1,0
A0A2P2PZG1,0
A0A0E9T487,0
A0A0E9PXT2,0
A0A154U5X9,0
H8KDF8,0
P92454,0
A0A2P2MWX2,0
A3I6Q5,0
A0A0A9I377,0
K1ZUE2,0
A0A0A9AYH6,0
A0A0K9PW38,0
A0A448QRI4,0
A0A388Q7U7,0
W4THR8,0
H1WH79,0
A0A383AQJ2,0
A0A335QGD3,0
A0A2P2NNI9,0
A0A0E9VXS8,0
A0A1I7WKY8,0
A0A2P2KEM9,0
A0A0A9AFI8,0
A0A3M1RJM4,0
A0A392UHE1,0
A0A0F9A245,0
A0A415FCV1,0
A0A183SDF0,0
X8FL42,0
A0A353PJR9,0
Q3US26,0
A0A0U0S0M6,0
A0A098Y537,0
A0A3A5RAS1,0
A0A0A8ZIA3,0
A0A2G9SGF1,0
A0A367ZDZ4,0
A0A0A9N2B4,0
A0A0A9SEC4,0
J3P636,0
A0A495GHE3,0
Q7M529,0
W0GWX5,0
A0A370MKS8,0
A0A447W427,0
F4YG37,0
V9PCJ6,0
A0A392TR81,0
F3GMV8,0
A0A0E9UDM2,0
A0A160UZ75,0
A0A0E9XUK0,0
A0A0W0GCT6,0
F3PW33,0
A0A1X7VWQ8,0
A0A3D1I4A1,0
A0A3N9NA53,0
A0A1A8UPC8,0
Q14890,0
W5SU03,0
A0A1M7JWQ0,0
F6GXT2,0
Z2E7M4,0
B9SMG6,0
A0A498GWB0,0
Z2EAY0,0
M9SGE1,0
A0A0B4XA88,0
A0A2N3AH68,0
A0A0E9XEL1,0
A0A0F9JZG5,0
A0A0B0MEC4,0
A0A2N6V8K2,0
A0A0E9RRP9,0
K1YZ58,0
A0A410G8Q5,0
A0A1R1YPS7,0
A0A0E9Q6Y7,0
A0A420I4T9,0
A0A139DAZ5,0
C2VM49,0
A0A392U5J0,0
F8PI28,0
A0A0A8YR98,0
A0A0B0P2N8,0
A0A242ZUC3,0
A0A0E0P3E8,0
A0A2A6C006,0
A0A237Q5T6,0
I2C6P8,0
T0S5P5,0
R4ZE95,0
A0A381YMX1,0
A0A086L638,0
A0A0E9RX42,0
A0A0E9Q963,0
S3ZI31,0
B1B3Q2,0
A0A0B0MJ88,0
S4M3E0,0
A0A195FJD5,0
A0A0C9LHS4,0
A0A0E9PGB2,0
A0A0E9P654,0
A0A1R3GUK5,0
A0A382L703,0
A0A0A9LKB0,0
A0A3B0RED2,0
A0A375EH37,0
A0A2W7AQ31,0
A0A392V711,0
A0A0D2J8K1,0
E5A0L6,0
A7Y466,0
A0A0A9SJ87,0
A0A0E9U9D1,0
A0A0A9SUT7,0
A0A447TYI9,0
A0A382L8D5,0
A0A1M6UH46,0
W6MS96,0
A0A3M7U6L8,0
A0A392SI15,0
A0A358VIT7,0
I3SSM2,0
A0A2N9MCG8,0
A0A0U5MGL5,0
A0A158CKD1,0
A0A073I4J0,0
A0A0E9V0Y2,0
A0A1D3PTT0,0
A0A100X0X3,0
F3GSF4,0
A0A2P2P4W0,0
T5CMF5,0
A0YJT1,0
A0A2E4BPK7,0
F4TF46,0
A0A1H1N767,0
A0A392W0N7,0
A0A3M1LDZ6,0
A0A3P6DDW2,0
A0A2M9CUW4,0
A0A3E2JTC4,0
A0A2P2Q1P9,0
A0A2P2Q1M3,0
A0A1G6SX09,0
A0A1M5W9X2,0
A0A353V295,0
A0A067GED1,0
A0A0A9UWE0,0
A0A3M7QLX0,0
Q7M1G6,0
A0A087S636,0
A0A448X184,0
A0A0E9R8X3,0
O67962,0
A0A0D7PCN5,0
A0A1I8I327,0
A0A0V1GIF1,0
F5HFA1,0
D1Y8C5,0
A0A2G9UP96,0
H1YDB7,0
A0A2P2MD73,0
A0A0F3QAD3,0
A0A382X2J1,0
A0A406HNU1,0
A0A2P2NI13,0
A0A0B0QUL1,0
A0A0G4IRP1,0
A0A0E9U2T8,0
A0A2P6RSF5,0
A0A3A6ADQ3,0
F6I3F0,0
Q9R5E4,0
A0A3S3RAL5,0
A0A139DF92,0
H0T6X3,0
A0A0S3RMT8,0
A0A140K1M5,0
A0A2U4FVW1,0
A0A0K2THM3,0
A0A1B0FCS5,0
A0A101GFK8,0
A0A379SWG8,0
A0A1A6GY46,0
A0A1D3MG85,0
A0A3M2TZS9,0
A0A0V0RA33,0
F4Q6X8,0
A0A1C0YK82,0
A0A0A8Z474,0
C2SK72,0
A0A037Z923,0
A0A0A9DY87,0
A0A2U9SYY9,0
A0A2N9D208,0
A0A0B0MHK1,0
A0A454CZD1,0
A0A0H3Q8C6,0
A0A2K3KCF7,0
A0A124G2J9,0
A0A0E9QN76,0
A0A1R3JAL7,0
A0A382EZY8,0
D4PB76,0
D5QDS8,0
Q6VFM2,0
I5CA77,0
A0A496RTV8,0
A0A0A9C9M1,0
Q6LDY9,0
G9X2U8,0
Q8DJZ6,0
A0A2P2QDP7,0
A0A246NIN9,0
A0A1N6Y6V0,0
A0A0A9CH47,0
D4KA25,0
A0A1L3LYS1,0
A0A392U6W0,0
M1PAA0,0
A0A0B0NQR3,0
A0A392REX1,0
A0A392VYL6,0
A0A0B0P891,0
M9Q2L6,0
A0A1H4DV53,0
A0A382D2F2,0
A0A1V5LKD8,0
A0A1X7MFI2,0
A0A0A9QP14,0
E9IKD3,0
A0A1Z3VME4,0
A0A0A8TAB2,0
X1KSE9,0
A0A429ZZ14,0
A0A1M5T3B9,0
A0A443S0N7,0
A0A1S6HCK7,0
A0A090VTN7,0
A0A1T4XWN4,0
A5HC20,0
X0V122,0
S7K2V2,0
A0A1G9RM03,0
T0K871,0
A0A3Q8YKI0,0
A0A498JFX7,0
A0A345FW97,0
A0A3M9X008,0
A0A0A9MTG1,0
A0A3R3EYF4,0
A0A1H2VRM8,0
A0A1G8BPI0,0
A0A0T8QPN3,0
A0A0A9L217,0
E3R138,0
A0A0A9CKM1,0
A0A2S5CAB6,0
A0A1D7XAA1,0
A0A0K2TEP5,0
A0A0V1GFA0,0
A0A0A9FMZ2,0
H1KM25,0
D9QB03,0
A0A170NIJ1,0
S7IRL1,0
G6C7J8,0
A0A1J0HZV4,0
A0A2P2ILM4,0
A0A0E9P7X2,0
A0A0E9PAL9,0
A0A212EYG6,0
S7JWW5,0
F3MJS7,0
A0A3G9AK16,0
A0A1Q8QGD3,0
A0A0E9V1A1,0
X1KI56,0
A0A1A8QE32,0
A0A2P9H7N4,0
A0A2M9FHQ3,0
A0A1M5JCE5,0
A0A0A9F9K6,0
A0A0B0PGJ1,0
A0A2I6QRD9,0
A0A0E9V714,0
A0A0J8B905,0
A0A482PXG7,0
A0A0A9RI67,0
A0A3R4YXR2,0
A0A1N7PSU5,0
A0A0A9MF96,0
X1H0I1,0
D4K1S6,0
E9I989,0
D6HAB1,0
A0A3D4AAB8,0
X1R5A0,0
A0A0E9TPD2,0
A0A165VMA9,0
X6HFV5,0
A0A2V9XHZ1,0
A0A434S2C3,0
A0A430D5I4,0
K3Y4J3,0
H3BQ58,0
A3VGZ4,0
A0A0F3NER0,0
A0A0A8ZDB6,0
A0A1H0QWG0,0
A0A0E9PZ45,0
A0A349Z9P8,0
A0A0E9Q2S7,0
A0A0A9HTB1,0
A0A0A9Q108,0
A0A2P2PWL4,0
A0A1Y3TKS3,0
X0WL79,0
A0A098AYG4,0
A0A3D2YVA2,0
A0A170WK94,0
A0A409WZN9,0
A0A0E9UCR5,0
A0A381VNN0,0
H3SAC1,0
A0A1D7Z8T5,0
A0A1A8NPI4,0
Q01303,0
A0A2P2N2B8,0
A0A0K2SZ46,0
C2F9F7,0
A0A2P2PH42,0
A0A0E9TM47,0
A0A382R819,0
A0A0E0SRQ5,0
Q9TWT8,0
A0A1S1EU17,0
R6G5Y8,0
A0A1X7TQ16,0
A0A0E9UBK5,0
A0A200HV43,0
A0A0A9JEM8,0
T1KIG7,0
A0A2V2AU63,0
Q63653,0
A0A0E9UIZ2,0
A0A3E2BN31,0
A0A3B0UI34,0
Q8V595,0
A0A090WJ99,0
A0A0E9UTW9,0
A0A1A8LZK7,0
A0A166RKR6,0
A0A0A9B9M8,0
A0A0A9BE84,0
Q57BN2,0
A0A350D8P7,0
A0A2P2QYB0,0
A0A0E9RX13,0
A0A0A9F2S1,0
A0A087UV76,0
H6BFQ7,0
A0A0A9EHF1,0
A0A0A9M2X4,0
A0A073UJQ5,0
A0A2Z6VE94,0
V9GY84,0
A0A3A9EFE4,0
A0A0A8YBZ7,0
A0A0F6B7J3,0
L3BSQ4,0
A0A0A9MI41,0
W1J2P0,0
A0A349YM20,0
A0A0E9VCK3,0
Q2G3T3,0
A0A174PK61,0
A0A0A9MJ27,0
A0A0A9FQV4,0
V4J437,0
A0A291KWV4,0
A0A0A9F8Y7,0
A0A0E9UQ08,0
